tile,url,bytes,points,in_city_copy
12TVL2203,https://rockyweb.usgs.gov/vdelivery/Datasets/Staged/Elevation/LPC/Projects/UT_2023SaltLakeCo_C24/UT_2023_SaltLakeCo_1_C24/LAZ/USGS_LPC_UT_2023SaltLakeCo_C24_12TVL2203.laz,72270927,20543740,yes
12TVL2204,https://rockyweb.usgs.gov/vdelivery/Datasets/Staged/Elevation/LPC/Projects/UT_2023SaltLakeCo_C24/UT_2023_SaltLakeCo_1_C24/LAZ/USGS_LPC_UT_2023SaltLakeCo_C24_12TVL2204.laz,73958741,20328960,yes
12TVL2303,https://rockyweb.usgs.gov/vdelivery/Datasets/Staged/Elevation/LPC/Projects/UT_2023SaltLakeCo_C24/UT_2023_SaltLakeCo_1_C24/LAZ/USGS_LPC_UT_2023SaltLakeCo_C24_12TVL2303.laz,69511817,21766431,yes
12TVL2304,https://rockyweb.usgs.gov/vdelivery/Datasets/Staged/Elevation/LPC/Projects/UT_2023SaltLakeCo_C24/UT_2023_SaltLakeCo_1_C24/LAZ/USGS_LPC_UT_2023SaltLakeCo_C24_12TVL2304.laz,71672229,21958808,yes
12TVL2403,https://rockyweb.usgs.gov/vdelivery/Datasets/Staged/Elevation/LPC/Projects/UT_2023SaltLakeCo_C24/UT_2023_SaltLakeCo_1_C24/LAZ/USGS_LPC_UT_2023SaltLakeCo_C24_12TVL2403.laz,73549999,22786296,yes
12TVL2404,https://rockyweb.usgs.gov/vdelivery/Datasets/Staged/Elevation/LPC/Projects/UT_2023SaltLakeCo_C24/UT_2023_SaltLakeCo_1_C24/LAZ/USGS_LPC_UT_2023SaltLakeCo_C24_12TVL2404.laz,74728310,23626461,yes
12TVL2502,https://rockyweb.usgs.gov/vdelivery/Datasets/Staged/Elevation/LPC/Projects/UT_2023SaltLakeCo_C24/UT_2023_SaltLakeCo_1_C24/LAZ/USGS_LPC_UT_2023SaltLakeCo_C24_12TVL2502.laz,88606971,22579309,no
12TVL2503,https://rockyweb.usgs.gov/vdelivery/Datasets/Staged/Elevation/LPC/Projects/UT_2023SaltLakeCo_C24/UT_2023_SaltLakeCo_1_C24/LAZ/USGS_LPC_UT_2023SaltLakeCo_C24_12TVL2503.laz,80277066,21248872,yes
12TVL2504,https://rockyweb.usgs.gov/vdelivery/Datasets/Staged/Elevation/LPC/Projects/UT_2023SaltLakeCo_C24/UT_2023_SaltLakeCo_1_C24/LAZ/USGS_LPC_UT_2023SaltLakeCo_C24_12TVL2504.laz,80688197,21576472,yes
12TVL2601,https://rockyweb.usgs.gov/vdelivery/Datasets/Staged/Elevation/LPC/Projects/UT_2023SaltLakeCo_C24/UT_2023_SaltLakeCo_1_C24/LAZ/USGS_LPC_UT_2023SaltLakeCo_C24_12TVL2601.laz,84864497,21870342,no
12TVL2602,https://rockyweb.usgs.gov/vdelivery/Datasets/Staged/Elevation/LPC/Projects/UT_2023SaltLakeCo_C24/UT_2023_SaltLakeCo_1_C24/LAZ/USGS_LPC_UT_2023SaltLakeCo_C24_12TVL2602.laz,82892097,21536448,yes
12TVL2603,https://rockyweb.usgs.gov/vdelivery/Datasets/Staged/Elevation/LPC/Projects/UT_2023SaltLakeCo_C24/UT_2023_SaltLakeCo_1_C24/LAZ/USGS_LPC_UT_2023SaltLakeCo_C24_12TVL2603.laz,79685740,20726131,yes
12TVL2604,https://rockyweb.usgs.gov/vdelivery/Datasets/Staged/Elevation/LPC/Projects/UT_2023SaltLakeCo_C24/UT_2023_SaltLakeCo_1_C24/LAZ/USGS_LPC_UT_2023SaltLakeCo_C24_12TVL2604.laz,76888950,20664582,yes
12TVL2605,https://rockyweb.usgs.gov/vdelivery/Datasets/Staged/Elevation/LPC/Projects/UT_2023SaltLakeCo_C24/UT_2023_SaltLakeCo_1_C24/LAZ/USGS_LPC_UT_2023SaltLakeCo_C24_12TVL2605.laz,80582655,21193608,yes
12TVL2606,https://rockyweb.usgs.gov/vdelivery/Datasets/Staged/Elevation/LPC/Projects/UT_2023SaltLakeCo_C24/UT_2023_SaltLakeCo_1_C24/LAZ/USGS_LPC_UT_2023SaltLakeCo_C24_12TVL2606.laz,81081092,20625638,yes
12TVL2607,https://rockyweb.usgs.gov/vdelivery/Datasets/Staged/Elevation/LPC/Projects/UT_2023SaltLakeCo_C24/UT_2023_SaltLakeCo_1_C24/LAZ/USGS_LPC_UT_2023SaltLakeCo_C24_12TVL2607.laz,80492209,21040652,no
12TVL2701,https://rockyweb.usgs.gov/vdelivery/Datasets/Staged/Elevation/LPC/Projects/UT_2023SaltLakeCo_C24/UT_2023_SaltLakeCo_1_C24/LAZ/USGS_LPC_UT_2023SaltLakeCo_C24_12TVL2701.laz,106812879,27784086,yes
12TVL2702,https://rockyweb.usgs.gov/vdelivery/Datasets/Staged/Elevation/LPC/Projects/UT_2023SaltLakeCo_C24/UT_2023_SaltLakeCo_1_C24/LAZ/USGS_LPC_UT_2023SaltLakeCo_C24_12TVL2702.laz,99740186,26422231,yes
12TVL2703,https://rockyweb.usgs.gov/vdelivery/Datasets/Staged/Elevation/LPC/Projects/UT_2023SaltLakeCo_C24/UT_2023_SaltLakeCo_1_C24/LAZ/USGS_LPC_UT_2023SaltLakeCo_C24_12TVL2703.laz,103502517,27397671,yes
12TVL2704,https://rockyweb.usgs.gov/vdelivery/Datasets/Staged/Elevation/LPC/Projects/UT_2023SaltLakeCo_C24/UT_2023_SaltLakeCo_1_C24/LAZ/USGS_LPC_UT_2023SaltLakeCo_C24_12TVL2704.laz,93305412,25625410,yes
12TVL2705,https://rockyweb.usgs.gov/vdelivery/Datasets/Staged/Elevation/LPC/Projects/UT_2023SaltLakeCo_C24/UT_2023_SaltLakeCo_1_C24/LAZ/USGS_LPC_UT_2023SaltLakeCo_C24_12TVL2705.laz,99281154,26694046,yes
12TVL2706,https://rockyweb.usgs.gov/vdelivery/Datasets/Staged/Elevation/LPC/Projects/UT_2023SaltLakeCo_C24/UT_2023_SaltLakeCo_1_C24/LAZ/USGS_LPC_UT_2023SaltLakeCo_C24_12TVL2706.laz,100979600,26802021,yes
12TVL2802,https://rockyweb.usgs.gov/vdelivery/Datasets/Staged/Elevation/LPC/Projects/UT_2023SaltLakeCo_C24/UT_2023_SaltLakeCo_1_C24/LAZ/USGS_LPC_UT_2023SaltLakeCo_C24_12TVL2802.laz,90850813,24911347,yes
12TVL2803,https://rockyweb.usgs.gov/vdelivery/Datasets/Staged/Elevation/LPC/Projects/UT_2023SaltLakeCo_C24/UT_2023_SaltLakeCo_1_C24/LAZ/USGS_LPC_UT_2023SaltLakeCo_C24_12TVL2803.laz,102611662,26499072,yes
12TVL2804,https://rockyweb.usgs.gov/vdelivery/Datasets/Staged/Elevation/LPC/Projects/UT_2023SaltLakeCo_C24/UT_2023_SaltLakeCo_1_C24/LAZ/USGS_LPC_UT_2023SaltLakeCo_C24_12TVL2804.laz,107098918,26982464,yes
12TVL2805,https://rockyweb.usgs.gov/vdelivery/Datasets/Staged/Elevation/LPC/Projects/UT_2023SaltLakeCo_C24/UT_2023_SaltLakeCo_1_C24/LAZ/USGS_LPC_UT_2023SaltLakeCo_C24_12TVL2805.laz,101289127,26139942,yes
12TVL2806,https://rockyweb.usgs.gov/vdelivery/Datasets/Staged/Elevation/LPC/Projects/UT_2023SaltLakeCo_C24/UT_2023_SaltLakeCo_1_C24/LAZ/USGS_LPC_UT_2023SaltLakeCo_C24_12TVL2806.laz,103648327,26563806,yes
12TVL2902,https://rockyweb.usgs.gov/vdelivery/Datasets/Staged/Elevation/LPC/Projects/UT_2023SaltLakeCo_C24/UT_2023_SaltLakeCo_1_C24/LAZ/USGS_LPC_UT_2023SaltLakeCo_C24_12TVL2902.laz,87019131,22011752,no
12TVL2904,https://rockyweb.usgs.gov/vdelivery/Datasets/Staged/Elevation/LPC/Projects/UT_2023SaltLakeCo_C24/UT_2023_SaltLakeCo_1_C24/LAZ/USGS_LPC_UT_2023SaltLakeCo_C24_12TVL2904.laz,83422947,21229189,yes
12TVL2905,https://rockyweb.usgs.gov/vdelivery/Datasets/Staged/Elevation/LPC/Projects/UT_2023SaltLakeCo_C24/UT_2023_SaltLakeCo_1_C24/LAZ/USGS_LPC_UT_2023SaltLakeCo_C24_12TVL2905.laz,88778035,22597551,yes
12TVL2906,https://rockyweb.usgs.gov/vdelivery/Datasets/Staged/Elevation/LPC/Projects/UT_2023SaltLakeCo_C24/UT_2023_SaltLakeCo_1_C24/LAZ/USGS_LPC_UT_2023SaltLakeCo_C24_12TVL2906.laz,85032102,21612365,yes
12TVL2907,https://rockyweb.usgs.gov/vdelivery/Datasets/Staged/Elevation/LPC/Projects/UT_2023SaltLakeCo_C24/UT_2023_SaltLakeCo_1_C24/LAZ/USGS_LPC_UT_2023SaltLakeCo_C24_12TVL2907.laz,78415837,20802074,yes
12TVL3004,https://rockyweb.usgs.gov/vdelivery/Datasets/Staged/Elevation/LPC/Projects/UT_2023SaltLakeCo_C24/UT_2023_SaltLakeCo_1_C24/LAZ/USGS_LPC_UT_2023SaltLakeCo_C24_12TVL3004.laz,86938938,23331682,yes
12TVL3005,https://rockyweb.usgs.gov/vdelivery/Datasets/Staged/Elevation/LPC/Projects/UT_2023SaltLakeCo_C24/UT_2023_SaltLakeCo_1_C24/LAZ/USGS_LPC_UT_2023SaltLakeCo_C24_12TVL3005.laz,96798176,25272733,yes
12TVL3006,https://rockyweb.usgs.gov/vdelivery/Datasets/Staged/Elevation/LPC/Projects/UT_2023SaltLakeCo_C24/UT_2023_SaltLakeCo_1_C24/LAZ/USGS_LPC_UT_2023SaltLakeCo_C24_12TVL3006.laz,99415570,25741529,yes
12TVL3007,https://rockyweb.usgs.gov/vdelivery/Datasets/Staged/Elevation/LPC/Projects/UT_2023SaltLakeCo_C24/UT_2023_SaltLakeCo_1_C24/LAZ/USGS_LPC_UT_2023SaltLakeCo_C24_12TVL3007.laz,93238537,25490685,yes
12TVL3101,https://rockyweb.usgs.gov/vdelivery/Datasets/Staged/Elevation/LPC/Projects/UT_2023SaltLakeCo_C24/UT_2023_SaltLakeCo_1_C24/LAZ/USGS_LPC_UT_2023SaltLakeCo_C24_12TVL3101.laz,105756758,25871862,no
12TVL3102,https://rockyweb.usgs.gov/vdelivery/Datasets/Staged/Elevation/LPC/Projects/UT_2023SaltLakeCo_C24/UT_2023_SaltLakeCo_1_C24/LAZ/USGS_LPC_UT_2023SaltLakeCo_C24_12TVL3102.laz,113136179,27465138,no
12TVL3104,https://rockyweb.usgs.gov/vdelivery/Datasets/Staged/Elevation/LPC/Projects/UT_2023SaltLakeCo_C24/UT_2023_SaltLakeCo_1_C24/LAZ/USGS_LPC_UT_2023SaltLakeCo_C24_12TVL3104.laz,92166146,24708286,yes
12TVL3105,https://rockyweb.usgs.gov/vdelivery/Datasets/Staged/Elevation/LPC/Projects/UT_2023SaltLakeCo_C24/UT_2023_SaltLakeCo_1_C24/LAZ/USGS_LPC_UT_2023SaltLakeCo_C24_12TVL3105.laz,100424937,25701197,yes
12TVL3106,https://rockyweb.usgs.gov/vdelivery/Datasets/Staged/Elevation/LPC/Projects/UT_2023SaltLakeCo_C24/UT_2023_SaltLakeCo_1_C24/LAZ/USGS_LPC_UT_2023SaltLakeCo_C24_12TVL3106.laz,102601431,26135691,yes
12TVL3107,https://rockyweb.usgs.gov/vdelivery/Datasets/Staged/Elevation/LPC/Projects/UT_2023SaltLakeCo_C24/UT_2023_SaltLakeCo_1_C24/LAZ/USGS_LPC_UT_2023SaltLakeCo_C24_12TVL3107.laz,88729927,24425251,yes
12TVL3201,https://rockyweb.usgs.gov/vdelivery/Datasets/Staged/Elevation/LPC/Projects/UT_2023SaltLakeCo_C24/UT_2023_SaltLakeCo_1_C24/LAZ/USGS_LPC_UT_2023SaltLakeCo_C24_12TVL3201.laz,115823671,26156308,yes
12TVL3202,https://rockyweb.usgs.gov/vdelivery/Datasets/Staged/Elevation/LPC/Projects/UT_2023SaltLakeCo_C24/UT_2023_SaltLakeCo_1_C24/LAZ/USGS_LPC_UT_2023SaltLakeCo_C24_12TVL3202.laz,105261962,25867923,yes
12TVL3203,https://rockyweb.usgs.gov/vdelivery/Datasets/Staged/Elevation/LPC/Projects/UT_2023SaltLakeCo_C24/UT_2023_SaltLakeCo_1_C24/LAZ/USGS_LPC_UT_2023SaltLakeCo_C24_12TVL3203.laz,92057094,24863022,yes
12TVL3204,https://rockyweb.usgs.gov/vdelivery/Datasets/Staged/Elevation/LPC/Projects/UT_2023SaltLakeCo_C24/UT_2023_SaltLakeCo_1_C24/LAZ/USGS_LPC_UT_2023SaltLakeCo_C24_12TVL3204.laz,83527121,23713965,yes
12TVL3205,https://rockyweb.usgs.gov/vdelivery/Datasets/Staged/Elevation/LPC/Projects/UT_2023SaltLakeCo_C24/UT_2023_SaltLakeCo_1_C24/LAZ/USGS_LPC_UT_2023SaltLakeCo_C24_12TVL3205.laz,84951675,23164578,yes
12TVL3206,https://rockyweb.usgs.gov/vdelivery/Datasets/Staged/Elevation/LPC/Projects/UT_2023SaltLakeCo_C24/UT_2023_SaltLakeCo_1_C24/LAZ/USGS_LPC_UT_2023SaltLakeCo_C24_12TVL3206.laz,94499017,24475011,yes
12TVL3207,https://rockyweb.usgs.gov/vdelivery/Datasets/Staged/Elevation/LPC/Projects/UT_2023SaltLakeCo_C24/UT_2023_SaltLakeCo_1_C24/LAZ/USGS_LPC_UT_2023SaltLakeCo_C24_12TVL3207.laz,77420237,22187023,no
12TVL3301,https://rockyweb.usgs.gov/vdelivery/Datasets/Staged/Elevation/LPC/Projects/UT_2023SaltLakeCo_C24/UT_2023_SaltLakeCo_1_C24/LAZ/USGS_LPC_UT_2023SaltLakeCo_C24_12TVL3301.laz,151573124,32128305,no
12TVL3302,https://rockyweb.usgs.gov/vdelivery/Datasets/Staged/Elevation/LPC/Projects/UT_2023SaltLakeCo_C24/UT_2023_SaltLakeCo_1_C24/LAZ/USGS_LPC_UT_2023SaltLakeCo_C24_12TVL3302.laz,158928178,34645313,yes
12TVL3303,https://rockyweb.usgs.gov/vdelivery/Datasets/Staged/Elevation/LPC/Projects/UT_2023SaltLakeCo_C24/UT_2023_SaltLakeCo_1_C24/LAZ/USGS_LPC_UT_2023SaltLakeCo_C24_12TVL3303.laz,120133184,29208525,yes
12TVL3304,https://rockyweb.usgs.gov/vdelivery/Datasets/Staged/Elevation/LPC/Projects/UT_2023SaltLakeCo_C24/UT_2023_SaltLakeCo_1_C24/LAZ/USGS_LPC_UT_2023SaltLakeCo_C24_12TVL3304.laz,115759754,28572152,yes
12TVL3305,https://rockyweb.usgs.gov/vdelivery/Datasets/Staged/Elevation/LPC/Projects/UT_2023SaltLakeCo_C24/UT_2023_SaltLakeCo_1_C24/LAZ/USGS_LPC_UT_2023SaltLakeCo_C24_12TVL3305.laz,115960521,27547396,yes
12TVL3306,https://rockyweb.usgs.gov/vdelivery/Datasets/Staged/Elevation/LPC/Projects/UT_2023SaltLakeCo_C24/UT_2023_SaltLakeCo_1_C24/LAZ/USGS_LPC_UT_2023SaltLakeCo_C24_12TVL3306.laz,102877626,26172510,yes
12TVL3307,https://rockyweb.usgs.gov/vdelivery/Datasets/Staged/Elevation/LPC/Projects/UT_2023SaltLakeCo_C24/UT_2023_SaltLakeCo_1_C24/LAZ/USGS_LPC_UT_2023SaltLakeCo_C24_12TVL3307.laz,99149611,24862864,no
12TVL3402,https://rockyweb.usgs.gov/vdelivery/Datasets/Staged/Elevation/LPC/Projects/UT_2023SaltLakeCo_C24/UT_2023_SaltLakeCo_1_C24/LAZ/USGS_LPC_UT_2023SaltLakeCo_C24_12TVL3402.laz,116238106,24481225,yes
12TVL3403,https://rockyweb.usgs.gov/vdelivery/Datasets/Staged/Elevation/LPC/Projects/UT_2023SaltLakeCo_C24/UT_2023_SaltLakeCo_1_C24/LAZ/USGS_LPC_UT_2023SaltLakeCo_C24_12TVL3403.laz,103920192,22977360,yes
12TVL3404,https://rockyweb.usgs.gov/vdelivery/Datasets/Staged/Elevation/LPC/Projects/UT_2023SaltLakeCo_C24/UT_2023_SaltLakeCo_1_C24/LAZ/USGS_LPC_UT_2023SaltLakeCo_C24_12TVL3404.laz,98708572,22723217,yes
12TVL3405,https://rockyweb.usgs.gov/vdelivery/Datasets/Staged/Elevation/LPC/Projects/UT_2023SaltLakeCo_C24/UT_2023_SaltLakeCo_1_C24/LAZ/USGS_LPC_UT_2023SaltLakeCo_C24_12TVL3405.laz,105776620,24023954,yes
12TVL3406,https://rockyweb.usgs.gov/vdelivery/Datasets/Staged/Elevation/LPC/Projects/UT_2023SaltLakeCo_C24/UT_2023_SaltLakeCo_1_C24/LAZ/USGS_LPC_UT_2023SaltLakeCo_C24_12TVL3406.laz,105450869,22966682,yes
