UNIT_ID,QUEUE,REVIEW_ORDER,UNIT_TOKEN,LABEL,IMAGERY_USABLE,REVIEWER,REVIEW_DATE,NOTES,CHECK
Q1-0001,Q1_TREE_ON_ROOF,1,517befd896b1531c95792549,BUILDING_ROOF,YES,bb,2026-09-30,,OK
Q2-0001,Q2_BLDG_BACKGROUND,2,e6a84a40824e61a3f1d543b6,BUILDING_ROOF,YES,bb,2026-09-30,,OK
Q3-0001,Q3_VEG_BACKGROUND,3,0aa3ef53ce94d7c3959c0182,OTHER_STRUCTURE,YES,bb,2026-09-30,,OK
Q4-0001,Q4_SHAPE,4,006a5586a683cf6281f1d406,TREE,YES,bb,2026-09-30,,OK
Q5-0001,Q5_ROOF_CANDIDATE,5,96ba98d58478f8320bfafda4,BUILDING_ROOF,YES,bb,2026-09-30,,OK
Q6-0001,Q6_RANDOM,6,82f0491eadf93457c7d1c2c8,BUILDING_ROOF,YES,bb,2026-09-30,,OK
Q1-0002,Q1_TREE_ON_ROOF,7,fdec1c9d09edfad5b9900ee9,BUILDING_ROOF,YES,bb,2026-09-30,,OK
Q2-0002,Q2_BLDG_BACKGROUND,8,987eb7542ebb4eae206ca206,VEHICLE,YES,bb,2026-09-30,,OK
Q3-0002,Q3_VEG_BACKGROUND,9,ac88741969fad204b8e457c0,TREE,YES,bb,2026-09-30,,OK
Q5-0002,Q5_ROOF_CANDIDATE,11,90fe48ee9c1ac080f008f8ba,BUILDING_ROOF,YES,bb,2026-09-30,,OK
Q6-0002,Q6_RANDOM,12,0097a5bd50935ddca0d573a2,GROUND,YES,bb,2026-09-30,,OK
Q2-0003,Q2_BLDG_BACKGROUND,14,d74ba3082c2b1f651c8a78ff,OTHER_STRUCTURE,YES,bb,2026-09-30,,OK
Q2-0005,Q2_BLDG_BACKGROUND,26,788a4a004fa39630beba42cc,BUILDING_ROOF,YES,bb,2026-09-30,,OK
Q6-0008,Q6_RANDOM,48,907b2636addc31824386a2ae,VEHICLE,YES,bb,2026-09-30,driveway,OK
Q5-0010,Q5_ROOF_CANDIDATE,59,38030d19199af6eea66dd7c8,BUILDING_ROOF,YES,bb,2026-09-30,,OK
Q2-0011,Q2_BLDG_BACKGROUND,62,94e0a8da3322dc4bb88f909d,BUILDING_ROOF,YES,bb,2026-09-30,,OK
Q6-0019,Q6_RANDOM,114,6cefd303f66b7d5628e17566,WALL,YES,bb,2026-09-30,,OK
Q1-0021,Q1_TREE_ON_ROOF,121,ee0c42e7c44849c1b271fccd,OTHER_STRUCTURE,YES,bb,2026-09-30,,OK
Q4-0022,Q4_SHAPE,130,ab60f8a2f9a8a0113c59ad7d,TREE,YES,bb,2026-09-30,,OK
Q3-0025,Q3_VEG_BACKGROUND,147,5560d178256cc9a9963f2216,BUILDING_ROOF,YES,bb,2026-09-30,,OK
Q6-0028,Q6_RANDOM,168,01b61612d8f36968e0a2ab69,GROUND,YES,bb,2026-09-30,,OK
Q6-0031,Q6_RANDOM,186,e149e5911ddb14b14b13ec4d,BUILDING_ROOF,YES,bb,2026-09-30,,OK
Q2-0034,Q2_BLDG_BACKGROUND,200,0991bab463b454c4d0d9c790,BUILDING_ROOF,YES,bb,2026-09-30,,OK
Q6-0034,Q6_RANDOM,204,7d2cde0a69d793ae5f98e5bd,GROUND,YES,bb,2026-09-30,,OK
Q1-0039,Q1_TREE_ON_ROOF,229,8e2a130e509c2525c7911632,BUILDING_ROOF,YES,bb,2026-09-30,,OK
Q6-0039,Q6_RANDOM,234,974fb843e4803ca29f2654cf,BUILDING_ROOF,YES,bb,2026-09-30,,OK
Q6-0042,Q6_RANDOM,252,292ee53ffae866f69dc0c22d,SHRUB_LOW_VEG,YES,bb,2026-09-30,,OK
Q6-0046,Q6_RANDOM,276,e9a6c646d65f009bd378350a,BUILDING_ROOF,YES,bb,2026-09-30,,OK
Q6-0047,Q6_RANDOM,282,19f679217010ea3f50d80f78,GROUND,YES,bb,2026-09-30,,OK
Q1-0052,Q1_TREE_ON_ROOF,307,8f0d2d316d419cbe876111c6,UNSURE,YES,bb,2026-09-30,,OK
Q4-0058,Q4_SHAPE,346,ca51583f305e4855e564520d,TREE,YES,bb,2026-09-30,,OK
Q2-0060,Q2_BLDG_BACKGROUND,356,ba8abf564ab50d152e6beeda,OTHER_STRUCTURE,YES,bb,2026-09-30,,OK
Q2-0066,Q2_BLDG_BACKGROUND,392,624d8f353c23a5d99e38ad40,BUILDING_ROOF,YES,bb,2026-09-30,,OK
Q6-0068,Q6_RANDOM,408,44d854f76de36533ec01cf98,SHRUB_LOW_VEG,YES,bb,2026-09-30,,OK
Q6-0072,Q6_RANDOM,432,2aa9ffda3568f59ccc3b0921,GROUND,YES,bb,2026-09-30,,OK
Q4-0085,Q4_SHAPE,508,8b12b1abb06b035331d38fc7,MIXED,YES,bb,2026-09-30,,OK
Q4-0091,Q4_SHAPE,544,641d9c5c92b94a9294d6981b,UNSURE,YES,bb,2026-09-30,,OK
Q2-0103,Q2_BLDG_BACKGROUND,614,dc224a0cc99fd5220eeffbe0,BUILDING_ROOF,YES,bb,2026-09-30,,OK
Q6-0104,Q6_RANDOM,624,efe8f99764e401ff2502419c,GROUND,YES,bb,2026-09-30,,OK
Q6-0108,Q6_RANDOM,648,24b772ece490435e3ad6f2f0,GROUND,YES,bb,2026-09-30,,OK
Q2-0109,Q2_BLDG_BACKGROUND,650,e2b64dc04487503291f5c086,BUILDING_ROOF,YES,bb,2026-09-30,,OK
Q4-0113,Q4_SHAPE,676,0abc08fac51e3896b38fa20d,TREE,YES,bb,2026-09-30,,OK
Q2-0115,Q2_BLDG_BACKGROUND,686,176f859ae66b315a8a01b630,OTHER_STRUCTURE,YES,bb,2026-09-30,,OK
Q6-0116,Q6_RANDOM,696,0c90de5df28772e57979c684,BUILDING_ROOF,YES,bb,2026-09-30,,OK
Q6-0119,Q6_RANDOM,714,dfb8c3567b1ce3adae074370,VEHICLE,YES,bb,2026-09-30,,OK
Q6-0124,Q6_RANDOM,744,94e02964517eee24ac5f5cb2,BUILDING_ROOF,YES,bb,2026-09-30,,OK
Q6-0128,Q6_RANDOM,768,39d73388ebce28388983476a,BUILDING_ROOF,YES,bb,2026-09-30,,OK
Q2-0133,Q2_BLDG_BACKGROUND,794,19941e0a065582c6dbc61c81,MIXED,YES,bb,2026-09-30,,OK
Q6-0133,Q6_RANDOM,798,d4a318cc512220ab774cedce,GROUND,YES,bb,2026-09-30,,OK
Q4-0146,Q4_SHAPE,874,635e7913d68f3add270a4c64,TREE,YES,bb,2026-09-30,,OK
Q6-0147,Q6_RANDOM,882,a40966803ac1ba172ef2a95d,OTHER_STRUCTURE,YES,bb,2026-09-30,,OK
Q6-0148,Q6_RANDOM,888,9fd94a8222553c151c8e02ce,POLE,YES,bb,2026-09-30,,OK
Q2-0152,Q2_BLDG_BACKGROUND,908,226ebfc7392f74251f784439,BUILDING_ROOF,YES,bb,2026-09-30,,OK
Q6-0153,Q6_RANDOM,918,c660fb300d097f025daf94fa,GROUND,YES,bb,2026-09-30,,OK
Q3-0161,Q3_VEG_BACKGROUND,963,ecdcfb0ab4f27f21db88ee27,TREE,YES,bb,2026-09-30,,OK
Q2-0163,Q2_BLDG_BACKGROUND,974,dcbbf4f5aa3e4861dbbf06a6,BUILDING_ROOF,YES,bb,2026-09-30,,OK
Q6-0171,Q6_RANDOM,1019,8bca3ed77a1eafb8b2077fb8,GROUND,YES,bb,2026-09-30,,OK
Q6-0173,Q6_RANDOM,1027,f9c93a5ea4c59bd0c5a58458,GROUND,YES,bb,2026-09-30,,OK
