SAMPLE,SAMPLE_ID,REVIEW_ORDER,UNIT_TOKEN,LABEL,ROOF_IN_OUTLINE,REVIEWER,REVIEW_DATE,NOTES
cell,CE0001,1,a6a251945359cc46d03f589e382ff19dd85a990a8cca33838fc87c3da4488a4f,,,,,
cell,CE0002,2,d8e48c739be8df78ecf41c73dd857ae1435db737950e92bcd7606240f94265ff,,,,,
cell,CE0003,3,baf2651c9b3225eb7781bee93b22909451c7db5d22db79eec2c5932d823661ed,,,,,
cell,CE0004,4,2000cadb1573e4882a6694bcf47e43ad272b1ce8c391d3ff8610b91e63577a05,,,,,
cell,CE0005,5,cbb055d9e91e801e9adb443092ab4307e6849dcf42ef7c6dbebe1a1299480066,,,,,
cell,CE0006,6,48afc093c288cb6a1d4526f164cd220469d37e6f2e3e5cfe5539e10a69fbe47a,,,,,
cell,CE0007,7,25039cb7cedbd2257462ddddb24257fff14d209b5168ffba3f6207c568cd6116,,,,,
cell,CE0008,8,d258eb407257749ec9353898c61e53e1bd8d7ad8a826d9e8449624ba3faadbe5,,,,,
cell,CE0009,9,28670e96c30ca027924f640cf62358ff1e81f2c19845883936645d00b6466a6a,,,,,
cell,CE0010,10,2aa1407718b81ba2baab5895d0e424dec6b423921e1bbb825ac1438e7c4d9d6f,,,,,
cell,CE0011,11,4b86189deb3aa69d000798f2007fa9a85f1591ac79ac6aa08e5e8e30d2974d41,,,,,
cell,CE0012,12,c5e649bcbaba1b93df7ccdbf856b2604d8820313a4d52f1734f0df4649ecc996,,,,,
cell,CE0013,13,c51937ce7f5f836eab667e96235046064d8c86218564899ecc9c86e0c36e2147,,,,,
cell,CE0014,14,148302385b8f2ae8567440c143f091bab5d2fc08cbfbf7aed41204dca09ad7a5,,,,,
cell,CE0015,15,31c8839f81c2632ffeca6853341dc67b433cc0139d6eccc0b97566aca6a09db2,,,,,
cell,CE0016,16,cac991244e040f34d9f7e8607d026d14dc41a42e43ab37fb58109ca926c2a6de,,,,,
cell,CE0017,17,e0ef95c5dc8b88e8684879c21a002f63e0bed235c91ea08ed75a48fadc68baaf,,,,,
cell,CE0018,18,76a77b76087f77b6f615e8be493bf299dee56b9be6e2c4fc06b461df5298729a,,,,,
cell,CE0019,19,bfdbd115301b6ad12d5306bb970a01befbd70d783d7f846cd959f94a8cbc5089,,,,,
cell,CE0020,20,af56f22beff070f0ecf57a21fb42ed10f73263bc56150cdc9a6edcde5849ac85,,,,,
cell,CE0021,21,8e91231d2b4a3605697a052627c58607ab356f68c8eef28a34b3a4775f2fd9fe,,,,,
cell,CE0022,22,8bef5b7e2549e42072d3b38fda7f9daa4a06824383e01ecabe77c73b4eeef217,,,,,
cell,CE0023,23,e8a0c6920f7f40d352c975027a753a7ba73e4ab3e961e68877a561640886a983,,,,,
cell,CE0024,24,d737c22109a3b5298d80cd49a2a31f596395d58e66609bea827e0d2dd14f6710,,,,,
cell,CE0025,25,98346ecd3dd637e07c0aec3ea4e282454ba6a472bd96a28a0ad5ff9930cc343a,,,,,
cell,CE0026,26,c88aa461cc3592b41d925ee00d2351a3e173233e451cef85bda39c7a0a77d1d8,,,,,
cell,CE0027,27,0931fd6d2ecc14c3aeac01fd0a2f783b44d2fff56ae8eafb949be868c1cc0ea2,,,,,
cell,CE0028,28,fd5dd0bf217e22994847d2b9277f3b0eb7200ca68d7a875742d62fcb4b1753f2,,,,,
cell,CE0029,29,d344270257d988c5aee8d1474b7f520db322f7848a10373d8c66c24fc7e100de,,,,,
cell,CE0030,30,2d368ad6b11d23e4f6f253af3920d60204a9aad5fca33060b95995aa146fa0dd,,,,,
cell,CE0031,31,40c510120503fe1fb4d53e05db08012c4ab128912731be779347fdf28e4799bb,,,,,
cell,CE0032,32,79a3baf7d6c85c77b7f1c0b080b21f6fcdae6be4f0af68da6d2a725b0ef008f3,,,,,
cell,CE0033,33,c6c541c808d669bb78883794259f9dfeb571ae59ee2473af51835e903671151b,,,,,
cell,CE0034,34,ffaea688894275bfa1069dd6b572d98cb808152ba9cd17fc412013147500fe63,,,,,
cell,CE0035,35,c95e76bc24ecdd62686cb329acc2484d0abcd0b7d2146148bf300721a7b8ad4b,,,,,
cell,CE0036,36,ac8b803585408792a53ac332057c8ba767ac62847fb62eeb55c5185b478b7b03,,,,,
cell,CE0037,37,4d90146689556b48c8a5835fe6e287b76e640707cad8041530021ce3e75f3586,,,,,
cell,CE0038,38,6aa518af6bbee06b0511f1ecdf7ef1b20debb1ca8ebbf5b527ecb4c0f5cc834c,,,,,
cell,CE0039,39,d8fd37390cf74a38f0120abd85a62892b5285a3e90826c2e0630f3e19035e5f1,,,,,
cell,CE0040,40,8eae2031c7a72f70d576a9b3acbca0ffdeb3fed3989502f4c4784d7e15424fc7,,,,,
cell,CE0041,41,73a5f24ceef0c325fbd8e466c3bae67e768a6b58d719ecaee072700bea851d1a,,,,,
cell,CE0042,42,0e878984158f5ead3148cf118985175c212b7645aa00837a25caa555f843dbab,,,,,
cell,CE0043,43,2efb4e7daf3ec7a51b9d8a43a83697eeba33f369d99e019f1486f5fc73b53ad2,,,,,
cell,CE0044,44,a384dcaf75043c529ed1572d5f7964c8f65be778b83492863a7295072175a907,,,,,
cell,CE0045,45,c071b127f8547f5ed5a5742d60ab04fd6bc5a82837559ce63399e132697a5513,,,,,
cell,CE0046,46,62191f735ce0d3631f750f4246074cb6e9ef2c14b399b6dc2f1ed851a6a09dd1,,,,,
cell,CE0047,47,b784145fa84ff67408db403e94bcc92e9514e59c46f936ce2642f903bb7183f5,,,,,
cell,CE0048,48,24aba2c1e6c55c11441e804622df89949b88c37f613af140975d5ec50906e6d2,,,,,
cell,CE0049,49,05c9f08e211e0183dc4970bf254371bc774b5403061099c67e17fc4dab3a6e46,,,,,
cell,CE0050,50,3f448d93d71bcb11768e8ac295e6cb18d91192fa74b363dd87975ecb9755bccc,,,,,
cell,CE0051,51,bb2d945cda965fada603d1f087f851fad3e8e06e54b776e6205e1ba2bfecf4bb,,,,,
cell,CE0052,52,7f85d946cf514bf4e25cc518e1f2d7a72318c2afa85db22d7fc3a628de2a443f,,,,,
cell,CE0053,53,2e5c2a0cf783799920c145689e5243144a5e84cc46a1c73d97bf2f75a1eda15f,,,,,
cell,CE0054,54,4447fda400607bb029174e216218c6728e61abb941299e70967acf600b88e759,,,,,
cell,CE0055,55,72bff4c115d8d72dfbd3cf64883ab08f9ad66cb0e5d2dd00762e1b305e2399dd,,,,,
cell,CE0056,56,760367e00366b8ca7654d8cb21908fd148d65e1d04bbf1c35fd53edc0f3c39b6,,,,,
cell,CE0057,57,79bab1e8d522e0b61ff07b3af3319ec1d8190a1a15907a4748fc3322cf591e71,,,,,
cell,CE0058,58,43e9c5d56917cd01ba14df21e5b95763bb1bb2c848d76efd7f418f420091231a,,,,,
cell,CE0059,59,d557d0a3132ef81532409aa6abfccb44233892afa4f020cfea9b202bdb632c2a,,,,,
cell,CE0060,60,90f321650626e1b69797779a8152a331f281edbb78b3e851f450fcc247c3d3fb,,,,,
cell,CE0061,61,03bbf14160a5a8a7481db91cdfd95a56c65ed31147cd0bd947dfcd0e01b0d752,,,,,
cell,CE0062,62,2333f54dbacb1c4a007f2264496ac79512eb62cb69c6db30b0512eb3678e4bbb,,,,,
cell,CE0063,63,484a57e3a8ca2581e8b695b19e32e8bea03f1b16783fc46ce41e7aae3b387a9d,,,,,
cell,CE0064,64,3240f41b965f89ef26366f4a82fcb14e7a2464ce16b13206966f74ce15adb714,,,,,
cell,CE0065,65,7155e4882ec987cf9ce49ac28d51f05437e8b3f9fb965eeeac33d7e259e19038,,,,,
cell,CE0066,66,7b339cf412a50576b8b6b6336b3238ab089c80a3470707a7da72ead305b748e4,,,,,
cell,CE0067,67,94367b21b38f13dc3b198936ad2e369e9bd72f87952fe01b9d426b6b7a6e5fb3,,,,,
cell,CE0068,68,aa338c178a71e4dba9f9f30ea9bd4b3d34ddf4b2c00bf2d122f77b378fe3f2ed,,,,,
cell,CE0069,69,975695955b618551f39eb23996738373f1323879c59a6f30dd6ab87eceecb3b1,,,,,
cell,CE0070,70,9095d160317cc9c094294213348d721b56f3afa778d60b4f2d0b83f4e770a2e7,,,,,
cell,CE0071,71,e63d2a05c9e3d66cb7ca861e9fafc0427deab3d1450eca0987083e4817ba1586,,,,,
cell,CE0072,72,3fd92309d320c9e71d342b5811939eb852f9eef840aab760824d09883529fa8f,,,,,
cell,CE0073,73,12f30ebcfed90db4dc560fd2e74ef7907beff6698d991c5b52df06fb42dc01d3,,,,,
cell,CE0074,74,27b5de6adc7ed02aa519546905ff82c33dea48bf028abcf4aa547efe088a9531,,,,,
cell,CE0075,75,528e633516dbda03f21965121217eb17ef6a85d292b9a9acd8b49f973b569dc0,,,,,
cell,CE0076,76,9033cd70deffa0b9888146832c9bb6a277ca3d80d95f1666054df45471b702e5,,,,,
cell,CE0077,77,d70a7111ad685ca77aac5ea3595bf6a2cb0a4cd3ee5f95d71c62c1454b085e00,,,,,
cell,CE0078,78,d9570cccb4aaa6189305e42ed6b5cebf28217990aa82b6b6ab6865a541e3f9b6,,,,,
cell,CE0079,79,13daae5fcaaba4daee181893e0cca3d76069a357abba700cbb895f8b7812dfac,,,,,
cell,CE0080,80,f063605ebb25cb39ac97a9745b099691fd841d10bc7bf537ffb7c1150893556e,,,,,
cell,CE0081,81,9e36f15fca04b6c451c0e8f4228dbe51576f835c7ac1b438ed655cd093c47cf2,,,,,
cell,CE0082,82,0e18918b0c2f369f5dd5ef9cd9b7cec0ddbe3bd7de821ff3e38403e5e1a52b5a,,,,,
cell,CE0083,83,0e0d1411b54c9954de474a811984eb2a6ecdf63bd815a3ac5613df5aff56119d,,,,,
cell,CE0084,84,baf8f576d05596ecb8f4e1d84d7a0b4b89dee55d315ae0fc1c9a51e17ea067f3,,,,,
cell,CE0085,85,0bbed6cfb95f9ca15e658558e81da3eac6d963c5a60a17c95ad1de8e0130dc70,,,,,
cell,CE0086,86,12b070e787b2449e3a70f6472e024663af83514bbe0271a60ad0ba6193c16469,,,,,
cell,CE0087,87,4c4d65e40c066e6e9de032d9fed68d8ef0061df2ff000f680f8ec61f45bdbf22,,,,,
cell,CE0088,88,af02c17d53f60345f647b458e9620bd126e34321b75580037c36b5a3487355ca,,,,,
cell,CE0089,89,def5eca9d88f680edba974ba03795cb49b047928f20a6a0c4a045ea04c951ec3,,,,,
cell,CE0090,90,734fb5272a031c25c5959bf6ac333b8991a50007b59b9ae923b9444de1284c1f,,,,,
cell,CE0091,91,55755d3412980b77bb36d81fc409a2d79e4e3d2c2593f9c050a773c1307a4174,,,,,
cell,CE0092,92,b3aff4487bc4fead18a01e91114182641bfc7a9e617584159d175eb96e7654e7,,,,,
cell,CE0093,93,00eb5e39be82b92307c5e938d9698151fff52cfcd282e29c21f82642084ff29f,,,,,
cell,CE0094,94,95a95f949ad1776960d2317ad5b114309f5e044ffbe4aed3fef830fa179555f8,,,,,
cell,CE0095,95,11056c26f53f01c0580587ad0fcc6948874d329af812ed63f4a808cf739b0b38,,,,,
cell,CE0096,96,afef0a013306fbcfa0e045e5ec88ac1e8e9d2e2103bdde6874f1f1fa200c43aa,,,,,
cell,CE0097,97,870379390dc3743e266330137f497e871c94ad9a6aaa1672a3cf8bd61f8dd5b9,,,,,
cell,CE0098,98,7b7d4324a7959131093f8b77f62bf70327128041f2fa7319d75a714ff2c7f670,,,,,
cell,CE0099,99,9fac30cc257770352cb5fb645bf41d6355c42b4afb6867ab245ec6a0e36669de,,,,,
cell,CE0100,100,e1963cf30cd8b82a5863288183daa61f72dbc50651107124fb3d539ad7896624,,,,,
cell,CE0101,101,6b12dbc29daac6a07688d3c25b17cb012fdd6f07dd019498511ca78191c1c10f,,,,,
cell,CE0102,102,ca49c8499031b8621be5ee55c5f4728cf7c3fdb0dcdafd27c7f0adfd775eae2c,,,,,
cell,CE0103,103,ca2ac437c3d58d9124ee04a7cb67e0e8b3f2c6fa4e97607fffefce642a75f82e,,,,,
cell,CE0104,104,43b802ee6f0fd4987de6b48e50d5ada611d0cc9ab24316a3227348b9f5d60894,,,,,
cell,CE0105,105,160e45153820b8837a0efdc5692991943a62cefbf2a63e43ff49a1f5a10f74ce,,,,,
cell,CE0106,106,bddbe99ab8657fbcab8e0b16d2e8199aa94c1eb4d213e7f9af0b09d62ed28edb,,,,,
cell,CE0107,107,9b930e2c6337243289bf7a07a8edf955d9672e22121d94d7b1617704e69e1b56,,,,,
cell,CE0108,108,70298ca228f240a073c6654a7dd59603d9056fd81148057833f2fb1cb7894a5a,,,,,
cell,CE0109,109,9306914bda1992af5047c3c19b4c6249e438d0548eb53a8d2b499837f6ed99e7,,,,,
cell,CE0110,110,9544c52fb852f624faae71bbb20850ed29d790db336d98cf74dc19b804d38963,,,,,
cell,CE0111,111,6ccdc12951c257978a20780a75805fcdee9a0394e62a5a618749eb4cb58e25b0,,,,,
cell,CE0112,112,5cb9529a8a2015bf08b04ca145641351e35d8a40280976b7fa729255bb90b192,,,,,
cell,CE0113,113,297239208309b81d5928fd707ac77a0f06187fbf95342bc68012dd0cffc0360e,,,,,
cell,CE0114,114,cfd8ec39502798b8a1598a24a081ad85b9b4cd981c13ffe6e6ca740437e3194b,,,,,
cell,CE0115,115,c605ffa5fa2906ed8f01da2a2fc88cc1895d5e4e24b41b654ef360122900349f,,,,,
cell,CE0116,116,ddbca52ce6c1f83db43e6c679829ee5339ef693029e32a95fc7219986a85b970,,,,,
cell,CE0117,117,242759b852418b74d59e31fed6263b9d6cb8f03bb1f38913370f9b553e9e18ac,,,,,
cell,CE0118,118,88999b5cc8c682c96440ba09082aa42497d9bfffad9d437ab3a6bcc5e37a9a48,,,,,
cell,CE0119,119,462f17e13d622fdef8dd531c288782ddbd0d98f7289b536259f513d4e7c8e31b,,,,,
cell,CE0120,120,488becd6b56d9f5b2d488c8505874ba6021b3adb83802155715ae3f3f11ce01e,,,,,
cell,CE0121,121,384759c5cd277dcc09cd082a1c5b6cc10d0e46ff5edeb2579a0fe36b6384ec50,,,,,
cell,CE0122,122,ecf069d4ec78a9d8f2dbee70602da8bb7354c8ae208a69b0c2edd3fbbe8867c4,,,,,
cell,CE0123,123,3f3c7acd4b3c8b003f856caaca672fb9a2dc9d83521251d576d168cbf12ad91c,,,,,
cell,CE0124,124,9956facf52243d4677bd8fba1b2001d54a2f0e957f1b061dc60064ec05b4361d,,,,,
cell,CE0125,125,66bf4d6cc9cd437a11c772c8323a1c70ddb133856bf67bf32ce8ef387ff08eb8,,,,,
cell,CE0126,126,c60b43e9e1c5d13f937683ecc527f151bf36538f2bfee7f54fc4adc8467e8e18,,,,,
cell,CE0127,127,36ffc89c61343f7bbacf2dfa87f8a9accc188805eef4a21fdc8a95e3c8255c2a,,,,,
cell,CE0128,128,8a8ab8824a815c9af1324b35719b21db0920af199e53e2239588f7d4c68ef0e9,,,,,
cell,CE0129,129,1260b8e58b7c4390b76b46dfe0696a6bd08e4f383afb712c5b0d307737303ac5,,,,,
cell,CE0130,130,f2e9eb5384d1f6af847a380e37441e4bc8b56a1c122b6bc010dd0cb0973a03b1,,,,,
cell,CE0131,131,78fa50c9c3e6e50688cc22e780ea0b6027f9a77b25bf99fc1fa9ca9aa1798900,,,,,
cell,CE0132,132,2eb884bce95f3816e4aeb4bc7a4d1ab3d5a49be3046dd9e0070b944fb9b5c676,,,,,
cell,CE0133,133,bc02ba6199a63e08fc33a3e99edab1fd9ef17a40d39296c1916ab1b0135c39cb,,,,,
cell,CE0134,134,d98947e7d71d81badf078aa5c2fbb22f4b0227626ee801a5a8b04fad235f5790,,,,,
cell,CE0135,135,b2e02b5b11c24ca357fe81f2f223de9485a9bd38193c5d60df3aa72afa956a6d,,,,,
cell,CE0136,136,1a0548762a04bd7de9bfe8aadf1184533cfbfd25d14566fd8dbf71e473461cd7,,,,,
cell,CE0137,137,c7454c2018cfba59f7e46be5e677194f40137400bfa090169089336cd4474fbe,,,,,
cell,CE0138,138,15ef2164643c3fae4615a2eaadfb734c0c2a04e3760b3a995ddbf951ccd5f7ef,,,,,
cell,CE0139,139,f11d812447e4d97a4f6919c221033e86a3487e2d4c103b98f15592d49decf342,,,,,
cell,CE0140,140,a501a0a4546585849f7a16a9307a300d82ab5ecac2cc9a979b898e7f2b3c0ab9,,,,,
cell,CE0141,141,a58dfc630edd335eccceff40ce3022df707699d0188f97343fe893260f3d89fc,,,,,
cell,CE0142,142,6a497e9c25db9a83fdd8d06bdc5899d8301958ad3ad6204eef7dd0269b118c60,,,,,
cell,CE0143,143,c4b20d64a6a83166b3ccbf0a5e999593a01fd068d94b8145a6200214279b9753,,,,,
cell,CE0144,144,cecd79d3349688c060c339af51ea0ea34eee6e448175eb35f762f40091e1a0d3,,,,,
cell,CE0145,145,4fd28a89e41623bad785ab2aeed59c444384d1640bf8fed9f64e74670f2d426b,,,,,
cell,CE0146,146,81f8185d59bc8a51490e30d7d8416961bed07e82faebb21221a040d2876bb161,,,,,
cell,CE0147,147,aef85230379dc2e8ad9602352fba11423405fff1f013825738f8205aed7d6370,,,,,
cell,CE0148,148,8576a893c1f8c8c7a00c5810c9cb0917530c399703cdc60f6aba6ab4bfc36238,,,,,
cell,CE0149,149,de2e7a0468fb1d29f3625a5757797d48fbff77fd38c44bc5a722561e7e9840bf,,,,,
cell,CE0150,150,3f8cbf19b4965f4cd21ba620fc009c006bafeab9292c918e8e0bc518ceef1dec,,,,,
cell,CE0151,151,94414232fa12c45959b16309638587605fe36b51e5b0f50003dfc14a1de8d93c,,,,,
cell,CE0152,152,d3ddeb2804a6aff46dc7e5cfea3dc8d98787c02e60dcbc80e885b9ba60768b43,,,,,
cell,CE0153,153,3eb04c936585233be54992ca370d6395879c0d8311051146aa20a0ef3110255e,,,,,
cell,CE0154,154,d2435816f9104fbc612aab1fa035f74649f107ef146588e4e34abab5f835f105,,,,,
cell,CE0155,155,252997cdb70080ecba440f55583142c72ab02ee0d422aa0baba0d4790a0e51c8,,,,,
cell,CE0156,156,5d9d2e1b19bfa9fa26600e82821d441fba39073890179d913d5c3820cfb417be,,,,,
cell,CE0157,157,c1dfc7e142c45e012a2475141b714cdbfea644cbbe871f652316ef325bab330c,,,,,
cell,CE0158,158,1d98c0240cd73074410aa8ce1931239203b0f9a574dda39861a2d4f918d14ba6,,,,,
cell,CE0159,159,8404d61857628559b70d9439402bcbee9bfad0e6122aa27642ecb2f6395830e3,,,,,
cell,CE0160,160,9a050b1754586ae975ce2fa4ff7a9706808cc05c67dfe080001e363f6de5c5a8,,,,,
cell,CE0161,161,116b684055247523379f9dc1ff8cd9d216329843601d0c74fe0323757b78d50d,,,,,
cell,CE0162,162,1b220f0ea721f3bc1623875aa7b4e5932fe695f97ef612405badf2c3ea735119,,,,,
cell,CE0163,163,1bf374d1ccabb7e5aeec9462f420cc2aa70abc8ef2079ec1a4881ae888564afe,,,,,
cell,CE0164,164,e57e988adca39529f41c755e49178a11e9fc5f2e36776dce20d5986af16b37c8,,,,,
cell,CE0165,165,938e2cb8f716e383946bf73c703a9080e653b7042501d9c34874cb86913ff05d,,,,,
cell,CE0166,166,717963f2760318e9df60d846ebb3b760d6d5739e4d74d4ac77bf2c6e870e01b1,,,,,
cell,CE0167,167,fe2600c274be1a5e2c3707b415e8ffb61e6510eff0ab77fe687240ec6dcf4150,,,,,
cell,CE0168,168,564a593977302f55b14dacfb7da338d36ce317d69529a0f0bc102e4431e7ba7d,,,,,
cell,CE0169,169,6f0e47523dc157f3a3abc4fb82b3f15f821beb0c37567a1d8dcd07e05c64f10b,,,,,
cell,CE0170,170,b2f472fa5355996aa0d4f764d39bdad01a02875c94178e23051e5e2a2acc6335,,,,,
cell,CE0171,171,16a4b854dd23459373f756f81fe0d91d13c83a00d25efc0419c2ca0422155496,,,,,
cell,CE0172,172,d28040b008237cfae692241595e11d79af74d5dd81df193a23ec4a8d27264326,,,,,
cell,CE0173,173,3ecb0c2cacbb53009ce32e6ee308aa5b22285de0e039798476209db8f72e0e60,,,,,
cell,CE0174,174,eb582885d0db5a88d171f786dc87d197947742d3ee8d76025a38e4e22dd911ee,,,,,
cell,CE0175,175,afbfa96fa68144cb23e7756addd0c299b339dad09ebbe21b08be420a21dfa2f1,,,,,
cell,CE0176,176,d5d2838c3329becb0d257b773f58c24a8c2214f4f03df060e5f39c16ebfeffcf,,,,,
cell,CE0177,177,bc309ca5812c4fef27a45e02d7bf5630f2d67d24c263b8898af0f76a12010e1b,,,,,
cell,CE0178,178,8f9b78ad79128df7cfcd771e784ed8de4374e0a3ecf9710edcd95d2b92af93de,,,,,
cell,CE0179,179,8ae219807d4cec41eab5323e0e8dc90bb8bdf4c3e5b2d387bda6fd11f0c91bbf,,,,,
cell,CE0180,180,bfb6204c738d6b010ef1c9c246f8b0648012922af05ae1e493a70f5e758fba13,,,,,
crown,CR0001,1,c58457916ec4bf500bd5f07772eae0d3f3a3235edcf3389a2a8b0b65b1634ba2,,,,,
crown,CR0002,2,086ffc489161e82d692d6244e7cb8bb9e105800528e812ba8f1abd2819293c97,,,,,
crown,CR0003,3,e947fdc59a710693ed91b751132ce40785e7feeaaa755e4d7fe5b20e0d4100ef,,,,,
crown,CR0004,4,567c1bbee97fea5aba3fe03cbfd58ff30f75f1d59981731f31d50481fd3753d2,,,,,
crown,CR0005,5,f80fad07596643a343084aaaf17209e06e8e34a9f0ab60588852ae51e061ff66,,,,,
crown,CR0006,6,a7374eff510e216b40f563a7fe27a3f1b1666be458a3241cc70f4ce44a30f2bc,,,,,
crown,CR0007,7,434ab1f5fc24398fd376d603bcd31c47040a90f375b00d5f5c70ae19cd7866b2,,,,,
crown,CR0008,8,91ecd5915ca9c24e258461f6cee5b96cc9bf3ba08d8d1e2d4f653f1a4bf4394d,,,,,
crown,CR0009,9,e21fd0fd4032a9ffb6da1335a3e0d53f665fc540de4ab46bfd89a4c0d697456e,,,,,
crown,CR0010,10,12005c5c5f13ea6ba8f75e089d4a2eb977ccd184617e54bb84b33522ec6a52e1,,,,,
crown,CR0011,11,634e72c66a27215cb37fae9361cdc6aa9eacab718d006c77fd823815bcad3eb0,,,,,
crown,CR0012,12,4bb72e068209c2743de2b8c73e03a888773698255131c8a643face356fadb20c,,,,,
crown,CR0013,13,55c132dc6c23e89ce198c745934e7a67c648a45cec7ce9e94b826352bd8dcef3,,,,,
crown,CR0014,14,9e75f2c6efa4f6b566dc73e4c43bbe5c3233ba41d5aa7bc9c4dba33f81eaa3ca,,,,,
crown,CR0015,15,4d4995729811686d7f2737594a2b274aa7685dc229646f7ec9d7dbcaba96356d,,,,,
crown,CR0016,16,00fb029990491de36aaf24676188a5eb3820851868c465a29a478d67b33dc3f7,,,,,
crown,CR0017,17,b461118feb6f287316b505749ca698d7b2f39087e3959508c69cca6d600c6857,,,,,
crown,CR0018,18,9abd0c0f061ec9b2368972b1962c3c40be00929bc23d53bc77093a57b83de664,,,,,
crown,CR0019,19,e89fc01fada7fe841447694e82f84170fd345905cf9bffd1ffe2282864c03cbb,,,,,
crown,CR0020,20,e0d2003bb02866bb3987153edea5d271a86dc1231f58ac1be33ec961e323ffa8,,,,,
crown,CR0021,21,1914086e9e6737bf033302b0b141326727f650c311f110da90de0190b4c45f25,,,,,
crown,CR0022,22,b83e91b5e8a266db3f818b103c4ad9a33d97f4e2fb5746862d97a8c13b3fbf58,,,,,
crown,CR0023,23,e04ed43fdf4373d0fe0c837e8e808950d6ace96bead02fa497ebe1084026dbb2,,,,,
crown,CR0024,24,02245ecce2b359e7ff833e82babf23d331ab2f00d2ecd80ea59a03b1cc494c32,,,,,
crown,CR0025,25,0bd0924060eca9ed0deabe18e5d90c62c560f733605088f54c83f4981bdf10c4,,,,,
crown,CR0026,26,e14f428f194deed1e79e17a9b18af8e11218badecfe02be025a3cb19946f8b77,,,,,
crown,CR0027,27,3575b505183d6824dc29f0ba09013c3c67054aeafaa96b1d67af57ff2c32df61,,,,,
crown,CR0028,28,4f5a00546fc8993ddc68ef992553b875eb878b95633f3dda9fc25d8aa409f462,,,,,
crown,CR0029,29,d5e5838efaed64d172792931894e84bc5b54e205aa6f90dfc0c9dabe15dab055,,,,,
crown,CR0030,30,8b0c46b014da045ffa5a34f0c37c97d7af957a10a0d9bceaf1d021ca4b9f80be,,,,,
crown,CR0031,31,5efb21d1db1205775682e4d01eea8e62f4aacf8707a80b5bbd800fa28708efbd,,,,,
crown,CR0032,32,699c9c0947f9b939900cbf8cea60e23c2c99f1748612c2d4012aa3154886d909,,,,,
crown,CR0033,33,d0941c4cd356ff3259fa767da953cbe262ce99dd82518e8c9601ca5e9ba23b0e,,,,,
crown,CR0034,34,d393a6f09bbb09951212b6fbca0fae3042d4442eb9aff0c8f8e825770303dc37,,,,,
crown,CR0035,35,36fb4a21444cf7cced1f385370453e2fdbe66831805456c317e22df39c6190af,,,,,
crown,CR0036,36,08d1f6b993f8252e8b3cdd02de78bca21fcc0560610c7b7c07b590eb34bd4be6,,,,,
crown,CR0037,37,400675a06cc0260c22d65bd0f44840777f1052141d2cfc188670082e69553f21,,,,,
crown,CR0038,38,ad00bf2ad6e9f3b264c98f62f70ef7356e682c37b4776d24f4293ca88c7e1a2e,,,,,
crown,CR0039,39,0cae0d5282fbbbdc18bd7aab0aef603d72c64a6526e511ea36f168fdf1494de9,,,,,
crown,CR0040,40,f8266baecc2815a93107267d6986db405ff7c13ae6085fa15475afaf103f02ea,,,,,
crown,CR0041,41,98aa2402c110fc81ab55cd02fff292f27066065986263e1426a6d743e33d48c2,,,,,
crown,CR0042,42,0f43537c525509a8f34235b64fc61fa1222aa437db34e7eb105b8a629f87679d,,,,,
crown,CR0043,43,d1ceb9768dded1528faa54de14b2e01e1894ed3a300b09282ca6e0bcbe9e1384,,,,,
crown,CR0044,44,7e3290546f8befee3c8b56b62fd9f8e02d8a15b90115c0b2a5ff5374b6fe4f43,,,,,
crown,CR0045,45,ad3b515aae6c9f9f16c3309884e65c619e842812f7b4cc2e9c8b8babc9d403eb,,,,,
crown,CR0046,46,cb06851dd343ed7f34e6da0ae979ed70967a498671102bce23c25c804089be48,,,,,
crown,CR0047,47,f9964b6781f63689d867d7e26b16aed515a668852d4885eeeeadd685da621f8a,,,,,
crown,CR0048,48,ae87d1753ef9fe10ea69a880921fc1e1940180b7addc85e1edf294936dc67e6f,,,,,
crown,CR0049,49,b268fe4b13cbda7d3485cbb0eab0bd6dab6560518d148c6bb608dc5addb02b10,,,,,
crown,CR0050,50,b3f0ed91c6c742ebf883adb70db3b4bdc619f27a8e9ac0e7308890cabb2e4363,,,,,
crown,CR0051,51,00b573b94ca21b170053bb7f00bc04edb9b0dfae26f33bb1e82c6d55e17c0b6f,,,,,
crown,CR0052,52,2720d2a07ad0a3a9be6dc27bd7944ed20bc959fb5507d99f85f2148e40fa479f,,,,,
crown,CR0053,53,caf75e43ce6f0b21a3dfd1235962b442777640a1a48772736b0c89057b7de78e,,,,,
crown,CR0054,54,934a05cd6c69a5395e05592e4d8014bc1f58b68e7e5aec93062fb7e4470054f7,,,,,
crown,CR0055,55,997403094b5d65ddf8f56eee7ed5bdcd09c3fde1fce0b064da6dad0b922a932c,,,,,
crown,CR0056,56,6ca3d34b5b50b54ae45d559444a45c40738cd7a4a2a1e49e3a6e2e504318cf5b,,,,,
crown,CR0057,57,b1abf8b887b9b144e40e59b5fa3693bae36a203de00920b1178176172fbaefbf,,,,,
crown,CR0058,58,c9ec7c87918b2880ac8fde0248de4276fea216b25fbdc2278eab178766c6176d,,,,,
crown,CR0059,59,06cf71346552af9c4cb76e9325bf73766815ddd37909589357786ce802ce1939,,,,,
crown,CR0060,60,74286d39a6d469358d8d6da8d2577a1929143c5e9b907eb6039e4a2745438c63,,,,,
crown,CR0061,61,c12006510fc25edf14bcb27e450f1cb8941903d4eb81f392dcabf8d3dc1e44cf,,,,,
crown,CR0062,62,439dfe77f8ea504c98ff25b79a9501940af3d9fbbb5c22b1421702c62491c4ad,,,,,
crown,CR0063,63,6792de8ebaa9d0aa49afc01acf40e39014db2eb13d0a5e0e45c663c024185082,,,,,
crown,CR0064,64,141cd6b80a77d3939bf166776e2facbe647af25d0423a762d92a75524a3a986e,,,,,
crown,CR0065,65,5b70013f65514196bf94b128f5fb710d0849dfe3f11ed44ca45a8e9c318c1b18,,,,,
crown,CR0066,66,8ee9226fe8a3413d032fa1131984919b925edd5c5eff89062f628afa36900863,,,,,
crown,CR0067,67,03d56d59767ee99431d731a6d507a53b73a3b988ea86170875e22008494400ec,,,,,
crown,CR0068,68,3ac4c7b5261c055010e34f55477a4ff1c4fc3a7f095315620973677f636ead78,,,,,
crown,CR0069,69,d78dbe5211a7056dd762b80559133407d22fd082b59b7a7842a024a7ab707835,,,,,
crown,CR0070,70,6ebe6cad4d61f9666bebda2b2a91204cd1218a0e7e022f5db1977fbb3f3ee91a,,,,,
crown,CR0071,71,f26dfc9ef7d7fbb2f026cabfb65719e498ad76ed0e4578d2beb9d534ab4c78db,,,,,
crown,CR0072,72,503c18972b2cd7995e62b778c1436cf09b7030056281cbce14b3cc4e55c77413,,,,,
crown,CR0073,73,49b8ebc861c19be2131509edc03dd39456d998584ff74f8b54b04ae341cf8461,,,,,
crown,CR0074,74,7a060cfbc87fd71e7d44dd5dd93bffee3b490065e0bd79cbd92e2295111260c1,,,,,
crown,CR0075,75,89ce658bd3d4b68423bbdf9bf0ff9730c65e3490e1fd0433dbb48f7520604313,,,,,
crown,CR0076,76,0339b29ba0aadb53f7324a6d226b2d55edffdf8d51c3334daca0d623c9f1086c,,,,,
crown,CR0077,77,8d63a63477b6fa04c7c6beba27c9800a5b340adf6be0e1fe7c6c814afd624c2b,,,,,
crown,CR0078,78,acff664aca4c9a87ad39b384cc8a820030c2d30ede891ebafcc7abe85cf55685,,,,,
crown,CR0079,79,ef154dfeeaf1d446cc9f3040a7f01d3fb401e7ec314babbcf8d995e30f52ada1,,,,,
crown,CR0080,80,943c0a7647c6e2247c9532d38d4c44a2790ce0237fd7eb2e15897a71e2f43ea3,,,,,
crown,CR0081,81,83339f02d738070ee87a65be85246ae4ab89000e3b66d841bf6a18af1c3461ca,,,,,
crown,CR0082,82,dd21c4b6c1e76ad14d5d6231fcfe05988acb74f94846428f34991e88b390bfcd,,,,,
crown,CR0083,83,519f9cf97ea5e23fcf8c3dda05b78b65dabac948d227311341c2d5de952c419c,,,,,
crown,CR0084,84,452e47ebe0f875fdbf507074c2baa93438bd16fcb5663f3595b2f36ef82e264a,,,,,
crown,CR0085,85,e873dec61350f9ca36de08e87e1732a9a73ab97e7720adc377acdd3b618857c9,,,,,
crown,CR0086,86,d39bf3a88f84639a238c93cda128551d1e05611979d97589fb2a98e93a3277ae,,,,,
crown,CR0087,87,94d028ea28f462740fd21475d142c9aa69177589f4231c93f4796dc04866b33c,,,,,
crown,CR0088,88,21b5e498e9fe694351339d7cd8a76073c39069ed800fc9a0c2222432029afb28,,,,,
crown,CR0089,89,ef5e598ca592c2136caca60760049519678a484ca44e5c45e2471f6cdafeae78,,,,,
crown,CR0090,90,d92b951609e544582ea99fb3f6d539f1610de6b1a0451d9b51fbe47614bf12ea,,,,,
crown,CR0091,91,0dcbf5f8a63c5e25b181be51c826f53297ab4ba67cb69aef07146cb29bc4f57d,,,,,
crown,CR0092,92,4292ebe230101824c887818b703874d6a3a28fbe7ec9a2244abab8ddeefac514,,,,,
crown,CR0093,93,e400185668f2d3a87e82a1a0e692c60a8e0f9d66964c5d8ed96f171ef7119e21,,,,,
crown,CR0094,94,8a079f72c3651ac3c6b67f1257f4a7f9acd9f20ce18e84bf876ea29bb86baf3e,,,,,
crown,CR0095,95,f4cd19b528f317ea086109ad86db17b3beb88e318802d65570b781b851f2ba51,,,,,
crown,CR0096,96,631a745074256fa3d01ce7a1e476056f6dc43777eb7e33683bd2b06bafe99a4f,,,,,
omission,OM0001,1,b6fb185ca87ba1903e4520bb29528ce5223940bd3a468ab51008b32752de9642,,,,,
omission,OM0002,2,f5403229fc670bb82e9cf9f9f1437b4590bdda044605f64700d62dae997fdeb4,,,,,
omission,OM0003,3,54c671eece01d1ad94b596643f2c0fb07a1f8bf46dfa2a45c2180dd5a45a550e,,,,,
omission,OM0004,4,153bb146db38485a5de3879e9e581ca90bc84547a3222195ff7ccf11231f5000,,,,,
omission,OM0005,5,a269c91e3e80db9df6e494b976bfe7d7426c3c023563beaffa0127ef97ee7f0b,,,,,
omission,OM0006,6,67d9019f71b618869894be0fde899aa7ff19708dd21f7e737d044845d4acc92f,,,,,
omission,OM0007,7,f84f5c95ea4bb8943ff0d4114f0b6649b9e40e8a25ca9bbddbde5c6536a31f64,,,,,
omission,OM0008,8,82a24747057e5f82f2c9d3dec66a97cd5c3a421652dc0ea7048d6068eca6be16,,,,,
omission,OM0009,9,4487d9f3046fae0c6b7b81894bf686f79d5402cb50dabeac02cdacb068b5b8e1,,,,,
omission,OM0010,10,fd722be24892495083278639c2d5dd11880809aedce279641faf61bdf5df711f,,,,,
omission,OM0011,11,064791d38a88fdd363b7bfec8137f52e0fc55b785d8023f6c109b15885ba109d,,,,,
omission,OM0012,12,e11fb55c08b99344180764a3e0311699e57474564c52da0fe88d3505de40437f,,,,,
omission,OM0013,13,472b91880dfad6abfb25ea9d3a77bad2749a7b19d2272ecbcb8225fc0bd10a70,,,,,
omission,OM0014,14,31698cc15fa2c62033fba977b0ca29b16396a3880004f123d924704b3a06b188,,,,,
omission,OM0015,15,9c43d933236ac2c4c4f102bef353a3450b149762984230c458bb3914cd317c7e,,,,,
omission,OM0016,16,3dc47377b2e524ef56a1ae5db5c714b835ed8cd86ef7479186915ed3b5290983,,,,,
omission,OM0017,17,f4d6fecf60a8060521aa15f6959b36dba4d25043caa7c21947b0b232aef85f0a,,,,,
omission,OM0018,18,5b1b97c4361f0ff2158a7ad25adb5f8a76dae53eb858471f52e99974b638623c,,,,,
omission,OM0019,19,90917e2ffada538705db4c29abb0d4d1da00392057b84b467f8bb180d0e89835,,,,,
omission,OM0020,20,f644d12540459af4267a914bf747865456c99caaa1a52e5de2369abfa6abf996,,,,,
omission,OM0021,21,0358fd5517f0bac0dfcbc8e25ccbe81d1ade49c34c912563244e0990932de769,,,,,
omission,OM0022,22,87e7fa75700853ac9da57c2867b176cf245cb54326bb06df8798eb48c3884bd5,,,,,
omission,OM0023,23,923b8e8a663414fd5021ab23bd7631a177b398e5089644e92d56172ef777bb7b,,,,,
omission,OM0024,24,9b8683039367b1bb65aa779d6270a0881ce01ab68e5e3e0c559ca605a6d93691,,,,,
omission,OM0025,25,452a674aedbefde483bb16e42b629c964b3c80b3f3e2dab0979e5002c173ce63,,,,,
omission,OM0026,26,65cc073e723e3ce08c5cf923afaa3ef487ddaede15ab4d6f8d37770a934d897f,,,,,
omission,OM0027,27,8ffbe929e3cce62ea35d6b77a7d8b75918a30528f2622301f7c5facd78be8471,,,,,
omission,OM0028,28,1dafc916825ef89503f2b7ee3f992a4361de8c26f8e974e935793468907ca1c7,,,,,
omission,OM0029,29,a798232df0ace613080e2b65e9d04fad9cae924c1f048716514cb9de8d39bc7c,,,,,
omission,OM0030,30,12931b0060c9a9e6077d35e7cc434af9d6512dc30661fe4ed60cc8bf6a79b20e,,,,,
omission,OM0031,31,ba64817705cc134d4ae2cfa3c085591deebc957ad827e249362c3dc9c8d69100,,,,,
omission,OM0032,32,804bc55c5ab54a670fc268391cda4ea2699136d6e4ad4a48202b1e6114a0f0e0,,,,,
omission,OM0033,33,6050db70374ef7935b482bc463a398fa751b1d616a2e29e1e178fb2a7d8e7083,,,,,
omission,OM0034,34,433ff46550e05a14a77e7769a85dfbc990deff689f5b844bdbae094105faadf7,,,,,
omission,OM0035,35,1b55bf499855ed7430c4415dd53e8098bf076366f3fd069fce4814c835f1442b,,,,,
omission,OM0036,36,86fff3863572e38cc156d80ce03666f74028e6e15c60fa168fb4ed3fc61db583,,,,,
omission,OM0037,37,4a52762ee40e1982f5e69d0c6643ce3ddef10a4e059d83137a9dca93a3deac4b,,,,,
omission,OM0038,38,dcfc514c1bf1c4e54f401c945d5c63b20126331cf32108c090f3334cb95c11dc,,,,,
omission,OM0039,39,63d4fe8b6f7b39129bdd0c7a205238c3c0439e13a63c6116a1bb42a518b38ff6,,,,,
omission,OM0040,40,891970be80e50873b398461fa751e17e5bf780a0ae3911f6339d4aa931d6af64,,,,,
omission,OM0041,41,bab619f26118cdd2f4187e79dec1d02dfaeae33ebe2241bc334e41659486bfd1,,,,,
omission,OM0042,42,b9dc88699b9fa33411331e797d31f3216796b517f2b11dac1cdce3423c257949,,,,,
omission,OM0043,43,7287135e370c0caebcbfc5c745c2325d1e40abcd5188566fa029704f89bce497,,,,,
omission,OM0044,44,fec86fce42abb71c8530051e6eac271665525d2903ac50b0b35ed13f55dbaca7,,,,,
omission,OM0045,45,c90c21e6871dc565bcca733b031b3e2edca2284ef33c26aaeb350556d88d2f87,,,,,
omission,OM0046,46,9265942e69b3cd48be1d19c98e911b49fd1e0a2c7dd48dc2d51627524b6893cc,,,,,
omission,OM0047,47,04c56d518069b4f2aab8335868dfc27b7efc296ad4f77031afece01c64eee528,,,,,
omission,OM0048,48,2fa04750f53c46462efe1e81b2cf7782950cdf255aed0230f876825566bd1ab1,,,,,
omission,OM0049,49,76039c7501e137b455dfb07ff9f6073dcf5cd74bc7b424c00ee0bb5d379c49df,,,,,
omission,OM0050,50,b6bfcd864eae88174c19e22391aa053e92562701750303dece81ad81ba5037f9,,,,,
omission,OM0051,51,0600ad12743e9136e35bbb59d7eb0739b4dd2c833e0821a289becf28826a2fb7,,,,,
omission,OM0052,52,3ea3d149ddd2ff1bfa91d2a6bbd88231a0b4b15eac02a467c530589ab958e982,,,,,
omission,OM0053,53,3838efd4e5884f39ec4a3eaaac734674092e4df3ddb0026abbe7c57ca759ed2e,,,,,
omission,OM0054,54,077eca66611cb1a1380947e0eb27fa2483d694c196e5c4f1ce117bbe536bb898,,,,,
omission,OM0055,55,db0b42e49002a7de05c66feb82c096c9f5fe2738d1d835d868f0eaed38f982db,,,,,
omission,OM0056,56,47f87f3f337142c5c2e5e9a22e16ab318dac7cc06638340059b755f425fd4d71,,,,,
omission,OM0057,57,5943b90bb6a6a0ba0c94e1eb3d2d4ae5e3defe64e3a27201b73f9bea6af93cea,,,,,
omission,OM0058,58,8ef92a04ceaeeb672ed1b81f1fbd79c987874c00dd5bd909ece7fc524502357a,,,,,
omission,OM0059,59,7110c59999cdc630a6b9e88c57fede1ebb2c06e69fb0d65fb1e1d160075efe94,,,,,
omission,OM0060,60,844b83d6cf714305591e0fa105863430f3cd312a8e37f3b1abf5c9bfcff7b65b,,,,,
omission,OM0061,61,a1b613f1d6cbf4ab947873dd35f2cbb716d5e774cf2b5de2234433fe00201f86,,,,,
omission,OM0062,62,8c1ad3433a37b7f749ba3640bf0eabe3a73029925fb5aacce8000cf1be3750db,,,,,
omission,OM0063,63,e021c20fd52a2a3f8db08f4344a8facc54121bd4af14ec5ab8f60b7457c57552,,,,,
omission,OM0064,64,142e7ae72eafe288e21320e5a29a2e23793c4ee4a39665f704d6e245a558ad85,,,,,
omission,OM0065,65,04b5712027f187dbfa7f444dd4b229dba6c5ea65ad130510f4f6f6afc9ce4154,,,,,
omission,OM0066,66,05ccb116f6f512eed396c55d40baff71b94216cf5bd968bc7032fa528d2c22ec,,,,,
omission,OM0067,67,414f6c1b3629e386d1ecca77f7a1d88cfb3fc171d68c7723c2bee43445ed04fe,,,,,
omission,OM0068,68,1d90ccc77354d871864accc986dddd0e8db334afe742b59767656b672be02809,,,,,
omission,OM0069,69,addb2f6b75284b80c9495833595ccc0b35a626066cf3edfdb20f7a605ca2906e,,,,,
omission,OM0070,70,947b7d2b98d012b41df40c53cba1eb007529c73c1507d7812ed57c5355335416,,,,,
omission,OM0071,71,4552669d5ef0a3c7ea4b82d032ba4115abc5fb29bf4ade688708f22d7391d215,,,,,
omission,OM0072,72,bb0c714110e1e2d726e2b9a57e64c811b295482035eb664492edd2069d4e1146,,,,,
omission,OM0073,73,bc0fe91d5b02fe54331741d6676a5106ad4b512dd4d00f8e59cbba307e63b1f3,,,,,
omission,OM0074,74,4bd285ec4209501e9f0a51f2d4c2e0ba33a6143d7d639decac30649e066b09a1,,,,,
omission,OM0075,75,d4ab2b01a2aa4d2e6e844c02f69bd2bfe5368e566abc7aaabba5a574bdf53703,,,,,
omission,OM0076,76,7692f05a99ae3e79e79c99704d5bea533d3422b674949fd53f6f2154414db849,,,,,
omission,OM0077,77,ed6f86af27b1ab0af6b88586deb920651e116799ad66b4fae014b93e7db801b4,,,,,
omission,OM0078,78,0e8f0b882f0ec5ccb7aca8a26ca455408f09b72993d74eae24a5da8262b85f57,,,,,
omission,OM0079,79,f1a7bd08b9c80cf6518d8e0fa2767bc6e36c711de28753ad9af3a36d41d4bc07,,,,,
omission,OM0080,80,f834954d1c913162f4304c93dbdfb161133d7ab27b22f7a45b238f241059847e,,,,,
omission,OM0081,81,9340aa887010032d3f3059d001921a04607190470e5f5a4e888498f9725e88cc,,,,,
omission,OM0082,82,39c7203c54aaee1513e07ef592fe78b89b267876ae31da84ce23838039e9a59b,,,,,
omission,OM0083,83,385972410b36bbcf81c4e91c155929e92ee1c2a865cb602e99486854a9a799df,,,,,
omission,OM0084,84,273d0e8f53c5d702dbb967b524ca350c6fccc003db2c326f9b4bedab3e1e3e3d,,,,,
omission,OM0085,85,25955ac93481f1b9a416d8330d2ccae9ab2086a2df92d5fb6e01fd3c7cfc9ec0,,,,,
omission,OM0086,86,6bb4784c8f0b85440012cd55bd3160de9efc3c58723a146121c88320874c0d31,,,,,
omission,OM0087,87,073c2e01cedc590e963a799db58bd986341031f1c4973b3da3137442477a7a81,,,,,
omission,OM0088,88,75a3d7837f867c70141b0ef8f9c645a6c84247e2f38e359d5cdacb876190abac,,,,,
omission,OM0089,89,38417b073fafb47d315251519e05d1644fb5a487c299716fc360801b8096aeba,,,,,
omission,OM0090,90,348515c44db88898d7291a311c49ed3fff8cc858af9b3c8bdbe7fc2256f5791b,,,,,
omission,OM0091,91,34f7bdd763e301c669392d28612a6c417db77e3424305af07fa2e49194c4df11,,,,,
omission,OM0092,92,b8b30ae39de920385f9f35dacb904629edda471e0e8d57559e729ec31682d802,,,,,
omission,OM0093,93,0c29a335e670dc7363171955b00ac8d81ce8606f1c553081517ed4947434e4b7,,,,,
omission,OM0094,94,1b874da5d76381944c0a8bfb652558983cd3ff4245b555f6a374040516e04c6a,,,,,
omission,OM0095,95,59053983d960ff3070d802c637b69b0e0bf37ebc920774e7cdc33b5f02cdbd89,,,,,
omission,OM0096,96,2d5871e2ac588395f2dbf0d4e4a343ce666381cb3f0289ab34e8a0c3de57ad68,,,,,
omission,OM0097,97,2bfecd2f958f8cab8fd5cae08df6c29768c3d86a827c3b4f57734786729c9ee9,,,,,
omission,OM0098,98,185de697a65adae7ef5215386eb7fc29870d170d6adf1f803e18c49caef80799,,,,,
omission,OM0099,99,da12de64ce777538480fb85bce86cc3e17ce144a3ee04f0fadd4da481000e049,,,,,
omission,OM0100,100,8a8a01ef39e1a603d41eb5d4150cb4883a2ff2fba2be8b84764efbfcc0284f0a,,,,,
omission,OM0101,101,90afc18183d314c3912dff0f1830d2db0d25241b155a1f49a6f938452cf51cc9,,,,,
omission,OM0102,102,32985d0dd40b4fe361fd5198a41e3fae728f36813f56b030afed00a5230e7fb2,,,,,
omission,OM0103,103,86d1d45401f8627a20293306706b000ae254afea676c07e06afba087a919e229,,,,,
omission,OM0104,104,88fe775ecc5082810f26b3da0f168fedf5b1203e7e691bf69c978ed4b98c53bf,,,,,
omission,OM0105,105,e11a908b1ca1d479b797e74fc7ffbd5ce8c307b28574b318266884bceed9ff08,,,,,
omission,OM0106,106,f9f45ea4da3788f739b04813a7e6a99a11811e2d114d4af2269f3a7bca7d9e50,,,,,
omission,OM0107,107,cf20e3050ff89686cde19350ea24821008924ce57572088a1abca09fda10a32b,,,,,
omission,OM0108,108,40283eee4dbb1b58f9a95b5eff9f29b2732e63eade12b6fbca5b72f283c290f3,,,,,
omission,OM0109,109,7d33cfefb657f122d2cd82ead679266eaa8e0eb305572460b3cc333b22e6444b,,,,,
omission,OM0110,110,43948d764d3d91829450831a33b985ee6bd67d5b6a75d35b3e76e7a04d7aed13,,,,,
omission,OM0111,111,1187bc413cf79e489ce98df1a992ff221b3cae8592939d3b5c1eb99bedeb27a6,,,,,
omission,OM0112,112,cc6b14784fb207aa014a9142e12a58e6ce6d345445330a14e3e0c0de38b43328,,,,,
omission,OM0113,113,1868093b7a869a8d4c0ccbb6a20b5aa468faab3d4583d2cada55533fb0308806,,,,,
omission,OM0114,114,979448de6fe7bc225a217e34503178c8bc9c4999ad869cc1fab1601c06f2d1bf,,,,,
omission,OM0115,115,30302e99115285dc808f47cb5ce1dd2235edaa0c3918433ba40da5e8d5b047f6,,,,,
omission,OM0116,116,c1aa4e34ddc1a298189f10c9c93356ea5f669cb24239fdbd4f7fa23f42b06d7c,,,,,
omission,OM0117,117,34ce5d59f4d291e9843bb02298cf1d9afcfab2687e8e7bafb564ed46fb3b64bc,,,,,
omission,OM0118,118,21fdd8bfd92cdc6615aa5e8898a1f26895fd91585cb72faf9da078d2e2744a02,,,,,
omission,OM0119,119,fd002ce8ebce8909fcda55b6a6e48b70c73ea3432ed081d8b9edca4ad9ce775c,,,,,
omission,OM0120,120,35572fb48490e1f65b3eb192b172703857c460ee9303cea8fed16d2d292dbded,,,,,
omission,OM0121,121,779e5488a9008a531bf28402a4f299eec03a494b1e7910ad671bf0244b2f6a48,,,,,
omission,OM0122,122,7c3e21431ea8deee969fc1d2af9af862cc449fadb2577009699d29c2b976effa,,,,,
omission,OM0123,123,c71ba6f852a711046ba79c5b561fc6d00c817afd9fc27c6d7655aac5c6354bad,,,,,
omission,OM0124,124,35f431b4781896820773695ffd3aef3da9170cdfeae0ad835ed84ed739592a3d,,,,,
omission,OM0125,125,9b3a406df155f03ad4e7bfd6492882c3f7f83b44a2ce9692044e0daeadf88cca,,,,,
omission,OM0126,126,0781da2ca7d4dfd9d7f0e49822776d0a7825c2764afb210ae6193b37d3a97c19,,,,,
omission,OM0127,127,cd6ccc3df091273068a18684f08f615ba0756cc8a1d5cbf6a97c6d523e02bb5e,,,,,
omission,OM0128,128,bdd55de03657419088f736e7ccd615b11581837de238de0da662ef3cf9d3cbab,,,,,
omission,OM0129,129,760b98a4285f1053eacb463485ea9b72187ea4f11df71da5a08c0652604006e5,,,,,
omission,OM0130,130,b581a24d3aab9c84e565a3c6eebabad5637936fc4382b8f6e56786e2b159fa74,,,,,
omission,OM0131,131,f4e83ae019a3d0d66c776fbdc4395b5b9844322d1cbfc25e97e608b9d3864639,,,,,
omission,OM0132,132,21e9fbaf3023b868214cb583377617c55ce197490e0eb393ba74d9e45c333759,,,,,
omission,OM0133,133,3cf5ee46af89d061ae3be65cd1847fa1c8600f4f2bdf3f3cd127d0023762da92,,,,,
omission,OM0134,134,b9cb126e30d28e746aa1b6f4780d6db0fb4dc14cbeb63feb6f17b4d12376c15b,,,,,
omission,OM0135,135,cb5e4b2a9169511786a04ffc886c37d4bd4de8fd66db3f8e421eee827afdc36f,,,,,
omission,OM0136,136,60e7380c49e38ac49b23bba376afb5e0b80aecb79bf49fc8afc9a50fa60db5c1,,,,,
omission,OM0137,137,19bab44a8e7996f458bcec43547c096fc546ed43a140eb70ce5e782edaf49109,,,,,
omission,OM0138,138,d1308b24608d31c17c0ec9142fdd9fbd5cb6797292562af371acc1e927fe727f,,,,,
omission,OM0139,139,bed211ecc8b4eb2663451344571bc65634fd37b42ebd5f01fec4485276bfed4a,,,,,
omission,OM0140,140,4bc55075a1926fbfcec2cc9ee42cca663729060b5751124259d0c709c2ac495d,,,,,
omission,OM0141,141,704fa072c27d8e08d52f4b2cfd4d3b3005f262891701a8981bb99135bd572e54,,,,,
omission,OM0142,142,938546a76317cf8feca57eab4863704f09d6110cfa6edbd9df4fd2ce8bf8ed5f,,,,,
omission,OM0143,143,2d8985c3ae10f5288957e312be58100e0b3e4ce34b00e5444a1950ddb2f52f09,,,,,
omission,OM0144,144,911d386a167889a9d2ca3791c0361c92368dfd2d650978c76771a40a8a7319e7,,,,,
omission,OM0145,145,d022bbcf7ff4f5b61139806ff7ea3b2a3dfd351e8d57f002654ba75e708d4487,,,,,
omission,OM0146,146,0c1e1688401a031fe6634f92a93038638de03c11d18e06e5e5590b40272d658d,,,,,
omission,OM0147,147,956910503dab83806c0065bb7694dd1feba9f69b94c8d8c149406763aac5eb1e,,,,,
omission,OM0148,148,fd927cb94032c04113fc460a51a37ad216f5dcbcd6c0d046409c19ac8ea30d1a,,,,,
omission,OM0149,149,28dd2cc3782048667b3b559f1f3903f56163360ae35e895c6e89f1af7b04e062,,,,,
omission,OM0150,150,5d6f5b383a692546943baffa88a435ea858da3cd676822d4d3036519ff3c0893,,,,,
omission,OM0151,151,ab7b9b57716f3899c52ab804186fbf222901ed9644795e054faed3ba8b07bf5d,,,,,
omission,OM0152,152,f5f767472362254443071f9f9986c09ec26bc32168183f53ee29854163c0e1b8,,,,,
omission,OM0153,153,d140f92cc052fe826a43a2b9dd50e1494da930587b8cceb4ba545cb9a6a657e5,,,,,
treetop,TR0001,1,52522ba83b411f1ad04f8e959743f6e974925a4a551a365a089c492fbfc805c1,,,,,
treetop,TR0002,2,fb50cea839e0d8b7af909e283d82d3d309abc14a9f415537bc8b2dfb1e02e31a,,,,,
treetop,TR0003,3,c71c9904345ecf66ef0ac87ea08d2bf5d48f5c4973d2011db04a8d2eb55cacb4,,,,,
treetop,TR0004,4,501e54464390959ebb8b4023bfee3a97f6b0a9d0ceabc0c003f90fca99b8602e,,,,,
treetop,TR0005,5,b74e971a3a1aa8b3db3a42830ea1dcb9ae6f80f1f7a389689169672c35b30a4f,,,,,
treetop,TR0006,6,c77362e7c9643536b210fb51721e197d5fa549f8e1802b566ed14783c2e296d7,,,,,
treetop,TR0007,7,0c771632fc478ee8a78e2f5e05b65d715c0580d413bcef421f06f0d7547c7a3b,,,,,
treetop,TR0008,8,19f6150aaee13f3468a23499fbe21314dd874e3e815818919e995abfa17bb0df,,,,,
treetop,TR0009,9,7d4849fb6f167f56ea93e7cc12b5026cb52f555440cb62f8e84b2710bce21537,,,,,
treetop,TR0010,10,067e5a5f10e901aef2b32ef9a4bf91ed8be92b42290eb6c1d7b6136c5401c2f3,,,,,
treetop,TR0011,11,b5e0fb5f5506745d2a0fcd1b6198e242b7f55fcbdb429f1ba6ab222305b36ca8,,,,,
treetop,TR0012,12,49c7e3e581413f21ac8701576d38ba54e41717cb35ca2cb214fbaee856f19236,,,,,
treetop,TR0013,13,0cb456e4bba611b545bd7ae736ae703ab43649c24dc8f860b68d2aea2a6236c9,,,,,
treetop,TR0014,14,d456a7fc3eb929464a0e4e1d64cb34ad8ea4056251bad1cb7d098416890ba42c,,,,,
treetop,TR0015,15,724c4f07ce115ad4b0c04777c2463a7658e599e3ba30536bbe5ce857e7c99461,,,,,
treetop,TR0016,16,c0793ddd50ff2486ba6485ef76f9e4b060d6d04f36c4300ce5d65bca492a1964,,,,,
treetop,TR0017,17,3c5c39aea42aaa5348f94d345477c56769bd8328483bec239a004b0fa3db1a1f,,,,,
treetop,TR0018,18,1a55c5bdc0ecb6fb904114c267f94a632b654af57c3ac1acea54fad51b62f544,,,,,
treetop,TR0019,19,b2da275db2803ee6d014e4a79f8d05095542c0f46fb5a13afd76ee2d9079a084,,,,,
treetop,TR0020,20,e6d66b98ec1b9547c5ace380a2416c9080c8f9411d89810b6244caf95b098bdf,,,,,
treetop,TR0021,21,d9aafb3fbbf9aefbcefeaa335e7fe83493ca5d97715f344a4c014d5288a86162,,,,,
treetop,TR0022,22,bf11277cc09aa8aa6ac414c66695832f9d9c843a1f947a77f85287552f04dd89,,,,,
treetop,TR0023,23,3f0c4164570520bd0696067673bd043ff0602e2ae314c943ed59cc7714e8cc96,,,,,
treetop,TR0024,24,6f064ddcec7e993a727b20690f033ff62cd7fb43e8f83c9f3434a5ef43315f34,,,,,
treetop,TR0025,25,1db6df64c48d6e5708b2757411d4e56ffd27036554fb56f484b9a0c1263eae91,,,,,
treetop,TR0026,26,32e61b4a1cd5eda7b631aa4cd184f60d600d902b830f053339fdd0bed23fe061,,,,,
treetop,TR0027,27,6ac3824297d6a40ce99633aa77eaec450da7ac99ae0b2d6c11a02f1fec9fca68,,,,,
treetop,TR0028,28,73bb53a356c5e98edeb0cb682b25a79242de6a39049a447973d750f0eed019ab,,,,,
treetop,TR0029,29,266f916d87e6b6fb69b36540211c26fcc9f541ecf34e95cec51f83841c8565f8,,,,,
treetop,TR0030,30,8c6c4575a5cdd3fcd8ecc6eedb42637eb7ab6bdec1630c652d28aaf0464fd1c4,,,,,
treetop,TR0031,31,7c63a38883e83dcd46f24c9d4046314ecda0d04f9a77a4a4c3cb794bbd1d7137,,,,,
treetop,TR0032,32,71c3cfa4a207c800af8320f7c68423ce645cdda0946dd41f0a296b143da09561,,,,,
treetop,TR0033,33,609d07c2b44824ae50877a41cb28c031d0ff7bff42b7a60ebe38a600cdef7760,,,,,
treetop,TR0034,34,0f2289bc67333354a159395e136df6792bdb3561f50440acc0d31cb67220f817,,,,,
treetop,TR0035,35,00e6412cb57bc92dc1f59a36a9f794c59875e7bfbc150b5a7d78507bb0234079,,,,,
treetop,TR0036,36,d0d7b8a44d79d154f4fbe85d537f5b6587d149fa129b8f0ebbbc897ec1d12e18,,,,,
treetop,TR0037,37,fd4623a4e45c38d6eec75033a33d8bedc23f197c342f0774fd11805990e105ec,,,,,
treetop,TR0038,38,9788f5216eaa72a52e19796b9d206f824af2863f5d1611e887eaa8d054fa39b2,,,,,
treetop,TR0039,39,ff9be049a5de65426cfe23b3f8fad66077bc48625044b9050e9cc46dc1623ee6,,,,,
treetop,TR0040,40,52b3277473749e1cb31b158ac9e7e72837d2f62c83585756ba0a02ceae2671a2,,,,,
treetop,TR0041,41,2eb8d224427b4964d367496657199048e0cccf6e664a9ccb681c9690da594c80,,,,,
treetop,TR0042,42,1ea1a4bd40b6f3fc885559ae88d69890ec27bfcf8a4b809adf09f4a9906d9e7d,,,,,
treetop,TR0043,43,c7d4b8d8a94a83cb5dc2e77d3b78cec3fd183ccf06f3f58ba01bf7fe477e1dad,,,,,
treetop,TR0044,44,fcf0c4159b3b87e796794b96ce0c95b79557e68b2afc48bc71b9f81972f29a6e,,,,,
treetop,TR0045,45,e30e6bcf0a1b7bca6023a9848bbc281bb5ecb342c6e502d604943203a0bc6b4f,,,,,
treetop,TR0046,46,18c6cf1b053e2a45c4a3d1d6853c93c162c64151f7c5e249e38afa06de85c138,,,,,
treetop,TR0047,47,f3b217bff1d4161235e14606547e30d96485f401ceeb8ae846b0b81cc89b21b2,,,,,
treetop,TR0048,48,20e9b60a469d79c9ea5c6630f0aa9fcaed028e08e80532b1c2d6c099cd816564,,,,,
treetop,TR0049,49,1423ec7c99378e9a8fc7d7ad7608a83834975cca5cb69c8fdb8135debaa76b08,,,,,
treetop,TR0050,50,6bb8a98722f3eab8f286744693401c42092b5a751bd74ae72264194a314bcc3e,,,,,
treetop,TR0051,51,7bdcfe017725675eb04e96ad27793cba2abf75508e868c7c5785840be4186fa7,,,,,
treetop,TR0052,52,298dac406ba0dd645c993add98de8c5f723072b6ec7e8575a79293a5ace8c613,,,,,
treetop,TR0053,53,95665539f28b8212c8953e9ed72b2229ac9130368899c96ed593ea44c469dcda,,,,,
treetop,TR0054,54,58ad677fade2e5f95bc8e905b8c8c5013549b946a989b6965ce8ba1e2a0584cc,,,,,
treetop,TR0055,55,9ad394dd2a1e0ca16be8acb73dcfc522153a6827083b166b971f9c55e17367d9,,,,,
treetop,TR0056,56,60935118e7c1f23c4cacb4f1aeb0514f11e294c9fcf79fc7aaba26f66d6dec3e,,,,,
treetop,TR0057,57,bbfd2d431240a17bfb90c3bc0d1ef8b3ba59ef4d75565255f03e5789e70d10bc,,,,,
treetop,TR0058,58,35256e1ed4dd0605ca61ddc03d25ab5fc2c185803bf616127eb4513551065829,,,,,
treetop,TR0059,59,13c7b43591e6512539097bdec79944391689e4ced904f719f5c6e95be88111a9,,,,,
treetop,TR0060,60,da95325f809f4521af40882aa88e0167bc62fcee3abe7c1c1eaf0bd0dc8395ee,,,,,
treetop,TR0061,61,f1c5423143acf7930688bbff8b9244bcbeb088797cc2a842af04b096c345cfea,,,,,
treetop,TR0062,62,d7057c1519fa2a692ec2ede0f0079e2c6af8b6093a7589bba8069f5c479ec0a4,,,,,
treetop,TR0063,63,f8ab77d30265953de9d9fc131147454e830f6e4672e5c11e6cf80625aaf3e9b8,,,,,
treetop,TR0064,64,aca8006eb4da8f35e60f2e66a02571c4ce90fde6fccbe218db5a149522038d0a,,,,,
treetop,TR0065,65,28726deef416bf88a1c7a7b1f4202f3d2de4e65c05dfb6ca639eb753672ac725,,,,,
treetop,TR0066,66,7c9bdbc0e56443b7b6e4d107ed3ba95bb399ca264edac3ab9441d21ab09fa9e8,,,,,
treetop,TR0067,67,df0c6ef0b976213b527d5ab3011c15a59f39b55d69bb6107cb94075a5f512cb9,,,,,
treetop,TR0068,68,5bf160353133d5ad3c99bac45bcef925fc65e4d3e7537bef84905d58e408f32d,,,,,
treetop,TR0069,69,9086f7706c167d7dfe4882023722ebe25e3bd4da8738993a3f1b2bee9091f190,,,,,
treetop,TR0070,70,c52bb6993ab04c189028e3dc6e43eddbc84988e08c78c2a2cfb6e9657da9872c,,,,,
treetop,TR0071,71,f4b09c783d257c4f76cc16231d4bb3b9dc09ecf2f6c7113dd3df982ee6b0d7d3,,,,,
treetop,TR0072,72,263109fa1fd63f0c50bcaf2aebc081156506f64a3ea584f4947258591d3de1d7,,,,,
treetop,TR0073,73,806c0903ef686c0e83797492f93903f4c1d2c6ad7e9db2356ed3e5953057752e,,,,,
treetop,TR0074,74,b6d1cfc276a74ff1cf7cfb79b9ee0e54efa2650ce12405e08ea205612167196b,,,,,
treetop,TR0075,75,846ae9e89d624eada6c29f24a1c091abb31e679f1f56f7e9154c414d53fee3fc,,,,,
treetop,TR0076,76,d4f1c9157a9581436a5db66470d19ff767028ca82fd06852cce46a944b1f882a,,,,,
treetop,TR0077,77,d3fd3daa9f0cb8a204d3ff54e41d2e2a67bd083d8b482e4693cbc807f2530d91,,,,,
treetop,TR0078,78,cec12db54595261e9c78733d0cc302238e831fce8544565fc5616e3e357fd8c0,,,,,
treetop,TR0079,79,4f8161b6c75623a1d7e87b68f396fa97a07b72658bdbcd771423c692e8538e80,,,,,
treetop,TR0080,80,856f99c0cfa427bd637b1cb76ef11cafa55a5375ed3fcc7270dcb9364d363eda,,,,,
treetop,TR0081,81,6ce81d286a1b7d07ab6bf23894efa29b1d5a241dbb27c2fe9fa0699fe7497774,,,,,
treetop,TR0082,82,7459b1202214f4e561f2b801926888f3892e06496eef521f5ed60dcebc12ff73,,,,,
treetop,TR0083,83,48445cb3175bec22899f98919c21213e55e587792ea49f41774790979ada1f62,,,,,
treetop,TR0084,84,b4f49dbebdab582fa326cc6f044d7466b2444c6bb12c334b77df0ee2a22583bb,,,,,
treetop,TR0085,85,4e604d2b04a56345b4d6bb0a63b63d1f0aea81169ea9c7387d47a462ff538550,,,,,
treetop,TR0086,86,da5be5e4616537d462a96dfc3b221d4965d8d5fa9a3dfff1e563f3a48898dd10,,,,,
treetop,TR0087,87,3627e9f34a63f6b0cff661692ae24a27f294fc8cace48b0e600757de867f592f,,,,,
treetop,TR0088,88,cc9ccbf90804e4aefd8775d7f72461eb41745b0ddf89c5d9be382d10ccfbfd91,,,,,
treetop,TR0089,89,76e23cdc3d0525aa5b50b772f986b4cca1632571e16e784f98e82a79b9e70aa4,,,,,
treetop,TR0090,90,365004403197c9fa1613d6b1b9a3f5c3fcca5e36caa23151e9c34f96ac4ebaee,,,,,
treetop,TR0091,91,f5eae833a8a10da1e475a6b788df918499bc8d0d8bb31e5367f0130902b02688,,,,,
treetop,TR0092,92,0e066da30c305076a341b3933643cbcdb78b621cdc5b3abae5c80e4e5fb81c8c,,,,,
treetop,TR0093,93,0d722775bf204dcfa7c21903fabcff42c09d28b4aafa8807e5ff7562c6527f28,,,,,
treetop,TR0094,94,1ffa8b6c6df9fe8e9061175e87f7699dff9c82dcafbd82d796d5fcb76f9d3a5b,,,,,
treetop,TR0095,95,a1c44b68688980d9ff1291b66c851c271bc06d2b6d86715598f31373997e2c04,,,,,
treetop,TR0096,96,9bb51663add41d495a8ed9547de2443bbfd5f880d40508b4e658c0b7f1f8423f,,,,,
treetop,TR0097,97,380a15409dc1455528a886aea1a51beabb3ffcc2ec3a524ce6df1b34f72a2fb3,,,,,
treetop,TR0098,98,74d787141a0c588aa5c262d1b70d148c5f3eef69980de599e90df22a82e524ed,,,,,
treetop,TR0099,99,dca992932baa2509ff223cfa14d1ae9eb6447791aebbb77990a9a17518d6545f,,,,,
treetop,TR0100,100,1985f7c07d085dd777b172c0ed9d7b9c006496dc484037d0880978f0fa898b20,,,,,
treetop,TR0101,101,2ba1b27969231954f8fd28b0f57f14dbd62d454a1d4d11ab8c0109eeb0d0529c,,,,,
treetop,TR0102,102,2baa2aa26f633a7f9585075131db8e9900c5b5322e5bf30744e6cd280d1c5714,,,,,
treetop,TR0103,103,eacd9071d9ba71e74f921fa0ab66f13895ce504b91592cee64915aab5372c127,,,,,
treetop,TR0104,104,1f7f34724a5f26f5231e79af758302a1597414286a251e5d34a2ac7f7c8ef036,,,,,
treetop,TR0105,105,85fea4a3d1a2af78293e1558f294cb12708f96ea824b02d70bf3bdef351f5eeb,,,,,
treetop,TR0106,106,3adf09aea490d619a3534aabe86096b8297e4f88f268b6567bad8cc580867282,,,,,
treetop,TR0107,107,ce8622e72b29d67ff0619c23049f90cca987d907ab5a78862d6d37c52878fd1a,,,,,
treetop,TR0108,108,e593c613e39c55072d92f93588d9c9a0b3ecaf95c8006be6bb1a024d30420c2b,,,,,
treetop,TR0109,109,813c6c5aed188b6e1ad2160f153a09ee79e7542bedceeb7245d33b769d0a70a3,,,,,
treetop,TR0110,110,0e0d04089831efebcad8a2ce4158f8067b5870d19e05ccc87b2dcb6279fc4071,,,,,
treetop,TR0111,111,01990c4bb96c6401e4552dff9be292bde4c2ddb7ac255b00d6385a607bbea47d,,,,,
treetop,TR0112,112,bbe0089a3fb9f109d604e7512a4aefaadde758eeaa09875c9825b9ec03ce45de,,,,,
treetop,TR0113,113,6970f0e65422ee436a50c1924a4efcf19debff54638bb2caa714e32a360295da,,,,,
treetop,TR0114,114,61e20c36ae4488487ac608885a45331d871adc05e449638bb2c2b8ffdc3388f2,,,,,
treetop,TR0115,115,21ca396b1e844f1f854459cf7738f85c8af9f4a518a96e766acf40891a421467,,,,,
treetop,TR0116,116,f2b037df5d2abf069e942f3559a4cbf2f6b1ccff1ef83755a2c507fb4a27ccd7,,,,,
treetop,TR0117,117,b703f1685c1ba0220114bc18de969f0c450b963b3d9dd0e6b92d9af82308cb7a,,,,,
treetop,TR0118,118,a86f80a99c3672abf1c87b86e14e8a445016e1c8ae4311efaf438e3d0ef85271,,,,,
treetop,TR0119,119,c59185c9171bc5f34e5906c1e8c0670e6e12a368ec14948abc7a07995ff182fc,,,,,
treetop,TR0120,120,d6676cb8c7d3eec6bbe89e640fff654d5b98ceefa5e9a88e90323853f34dc6e5,,,,,
treetop,TR0121,121,e670a0f213fed63078766b089061347aff413b651f3d0f4d9db9421441326c9b,,,,,
treetop,TR0122,122,de45b90bd1aabe877deaf3a5d0c0bd51e7cb2428a8b7d793985e0d844dc9e47e,,,,,
treetop,TR0123,123,51930647c9a50f1d28f64ad5be572b64b04d46eeb94c0649b139112b16db8774,,,,,
treetop,TR0124,124,6a0f61f3150eee8f7e5e38e74db9cb60049db99b51220d445bc95004347d0056,,,,,
treetop,TR0125,125,7fcac458c5858247d6bf214f5df91bb01fef4f0836909925f4c97a83a6fba299,,,,,
treetop,TR0126,126,29784771305ccc77e9018a48f17a1c85be990099dc2e3adef5a68a88acd254a5,,,,,
treetop,TR0127,127,bab53e63e0b8ec3c1e6d5e45950743a12c7b9412435f980ed0a934fb2ebc08f6,,,,,
treetop,TR0128,128,9598605299cac76bb8f92673fcf2e8fecc796d66413426e3bc2b54d3e3c1dee9,,,,,
treetop,TR0129,129,8bc204323acb4701d5a57aea91b0e1aa997674d0e4db07819c78829dffe7e7b9,,,,,
treetop,TR0130,130,d945eff1293f2c7abc9554f500527099aba2ee818ddc2841171caa41dd7c1f79,,,,,
treetop,TR0131,131,d98bf551b6856dda4550972543f17f3cf5e8cf360bbd9810c77fdf1afd6ecbe7,,,,,
treetop,TR0132,132,430b1b3b9d569ad2dc51932f52a0a83a29848a7c8cde7ff438337bd06c15063b,,,,,
treetop,TR0133,133,7b0f33c6f78383fcbbb9ae4b3131b4a4be43ed373f8d3f0098a58bc219261568,,,,,
treetop,TR0134,134,05f40294b04ae77e999bfa7145dfad704599221529de9e57cd83a39422d04fbf,,,,,
treetop,TR0135,135,88a7e80e03d856423347e993c6dfc6019490b4a096589e2c11c8d5d32b97a480,,,,,
treetop,TR0136,136,99ece04f06c051befcef0dda5958ae3b0aa51cdf2e7210366e226a302d451c75,,,,,
treetop,TR0137,137,e921c59563d88c67045aa9af138d9314b1bc7f236db581ecab3dd702cba07be4,,,,,
treetop,TR0138,138,395faa7de026dfdccfd5c05c7823561c8a75bdb6c1fbbd3ac9060e9b66845cdd,,,,,
treetop,TR0139,139,a5817a6372cd2f44c1e7f09646068f7d23ea392a15ea9b3fa1be4c06e26d10c1,,,,,
treetop,TR0140,140,2b2d8e122a86299a77c067f842672e22d190482d66cbf30798e0f0b24659b1c5,,,,,
treetop,TR0141,141,cf084a704754ffa0a0528cfdd306211ed557eb632141f58e789f38b2a8671a7f,,,,,
treetop,TR0142,142,c06f6bd1bd4255a641e8780d7fe5cf1126f90843192b463c494aeba0a62df7c1,,,,,
treetop,TR0143,143,ab6015028cf902cb72fd6d7177868d4884cafd4ab929a4f539379e2c9d12ce6e,,,,,
treetop,TR0144,144,8b7384c46b335ab998e0bbb3bf943ffb276c8b78f64f5f596cb70fb55c95148e,,,,,
treetop,TR0145,145,a87e9b6c24d2c04dee535f36a0ee58a32dc642f29c5847f5aa566dae6fb38091,,,,,
treetop,TR0146,146,a8fd2e433d9ec6ce750eeb1d8f06f3efa29240ac77b4b93506315e5a4a290904,,,,,
treetop,TR0147,147,d3d94fbbeed2b2802a840220fd94d93681ba82cfb09396ad0ea473e9a4640754,,,,,
treetop,TR0148,148,4014e147e85bba9fabf85c06f785ba2775e4a442c7d4ac02261bb4bd0413e6cd,,,,,
treetop,TR0149,149,b8a67d74deaf2b7482ae03edb4f6d065349188b4084bb90a9827f16bae1a1d11,,,,,
treetop,TR0150,150,59f858b623d3ee28b499e8174d0ddc0b61496c41bff8a2d2015f091b6846bf64,,,,,
treetop,TR0151,151,68f7f0543ab95ddf6fe396214fdfb71bab6de94f752ac8dee75728a458f74271,,,,,
treetop,TR0152,152,2a8adaf5f3e160b2665b75df4dc2282246502a1fbd32eb3e8320098e3ab6e5b4,,,,,
treetop,TR0153,153,92963b6468787bd6456357e8204590917d32292849b55cea0ba61c354b36c004,,,,,
treetop,TR0154,154,98aa53e68face48fb2890541578c4fde4fce71a3f5ff7f953edf814b158fcf4e,,,,,
treetop,TR0155,155,cac1e2a2dfb921e518e4e780c123dd28c605a44d2a793eba0e6aa9e38d9334ac,,,,,
treetop,TR0156,156,c129b59cad0cfa8f904f824a6bb0f6ac678cf922f8ff071e622c8c905a4d48bf,,,,,
treetop,TR0157,157,fa40ffcaab5fcb8eccf5f9f8a22620053347ce2221641c17dbc4e44ad9e122ad,,,,,
treetop,TR0158,158,fbc8d39538c4b6f02f4139b0ff425863b3b4ebcddef049883eb912fc922611ef,,,,,
treetop,TR0159,159,96892f4673e1dbba804c46c93664d88f7472f74c90ad401cf67b9fd9db32910c,,,,,
treetop,TR0160,160,ce797427d330a2c4a1aa438220673ba434d363ccfe5b3adc6162928dc90fccf8,,,,,
treetop,TR0161,161,7f8d1dbdbf2370eba590e5de75af16f213573dd94c7620f56113592d042f0894,,,,,
treetop,TR0162,162,c6984a43232fb7b62ea3bd39384a27320ba4bc85a635ec3f0ac746c1b4122b2d,,,,,
treetop,TR0163,163,1176a4344d76a78e445dbb848f3f832eb6429dfcfa6b310b7ba9f099cfe38387,,,,,
treetop,TR0164,164,5456745cc4f5d5ad3313854fc0232a90acd7c048975680ca4e00339307345099,,,,,
treetop,TR0165,165,3782ef6252c6f36feb657d08e852194da53805375fedbcc8876b940bcd438b0e,,,,,
treetop,TR0166,166,86447da9e9d28ee08b4d33c4c3af7f522205bfb761fe4ed1093c327d68ab2523,,,,,
treetop,TR0167,167,0561d85650732873b7d782b2169b43f7d77d95df46fb686803a79334838192c9,,,,,
treetop,TR0168,168,8141036d66e4f5353a61d16719d44e3562b900df80714dd96a87c0a0cb0c33d4,,,,,
treetop,TR0169,169,1ab21c4c63135d45b2a509e03f848ad1912738ba696498e6d67e0be333f13a0d,,,,,
treetop,TR0170,170,5f3c9cb15e406e7e24c571dad2fa42988f8fd516966a6c67741ab001af3087b5,,,,,
treetop,TR0171,171,06fea1e83bf9d56278125f1a62840e4deed455fff4921ba0311a229244a74ac9,,,,,
treetop,TR0172,172,e7847dfe73addcef8530a7bb2cb2fb3573b6af4a8ccae8eb7efc5a596aa28470,,,,,
treetop,TR0173,173,608c4a17763d0338308e6e151749f8639731c7c9e357c2f673ace36e97b53727,,,,,
treetop,TR0174,174,334e2a2ffcd884b43de622dccbdcd679e5df90b68d6aefc1de9e485f88586877,,,,,
treetop,TR0175,175,4079d26078a3e4e12f3dd51fda07e7b2f87c94dace62dd2bbb9408ff6675163e,,,,,
treetop,TR0176,176,e2be303f02938601a2935c387234a0bddabe7a80bf4f55e44597f3bd3863e1fe,,,,,
treetop,TR0177,177,e72f29bf97a63175b231d4017b6d0f634d40620601f51866b5d944961af7b880,,,,,
treetop,TR0178,178,dca1f1cf93ff39cbc940f52c488f929537fd92e51cc149db67f47ea39cd37138,,,,,
treetop,TR0179,179,789fe0958fff95c1f2620992b1570ed140eafb0cedf433506f687695c10b841d,,,,,
treetop,TR0180,180,77db528c22573363991af0460b656f22ab2d397f112935392b24188448407701,,,,,
treetop,TR0181,181,943fd0b59716794679ce6d21bef45a9d635d0d932424b512be3eb12973af7c6a,,,,,
treetop,TR0182,182,022e9559131cea3902f371cc4139455ce6ff24e3bb0fa2c528ce9b60776316b1,,,,,
treetop,TR0183,183,e13e72fd7c3ea1d255ea4f3bf96d4bcbdfdefadfbd46f00848aba23197e1bf48,,,,,
treetop,TR0184,184,a90527b30ab9bbc3e1544f7274a3c60602e05e4c7c2a6266c2333c71cbb8a660,,,,,
treetop,TR0185,185,ab50f395bc5313be1b894b70f88fcc087faa13fd429e968bb179187361a23fff,,,,,
treetop,TR0186,186,c2c761cd82c5dac49e8d32485e379d6d0bcfabb3a5bcfb569ac8d8a505a9fbe6,,,,,
treetop,TR0187,187,a56877ba51ce3ad3d84cc8b5b451973801f0b5f038f995a10106b78607b2d3bd,,,,,
treetop,TR0188,188,3f44d47d7615009cd42ca0ed064aec9c60b6f6084949cf2b4b53823af3f53fc5,,,,,
treetop,TR0189,189,83caae69a9d1c65375de9d57350b90b7e1051cba8b1aec4b25d42b461c3a8f89,,,,,
treetop,TR0190,190,3a3a362ae3bcf0c65ad8e079029932f2679a909782b96b0b5ec3d3ea52d3cb4d,,,,,
treetop,TR0191,191,5f87e25a17332acf77ade1bc6167c824e7f28d7508e697b86e99f5afd03e2145,,,,,
treetop,TR0192,192,4bab8553ead6a43a318bdc9f21f8688a0af7c789d28c39c170a07884ab501bae,,,,,
treetop,TR0193,193,bf4138fbeb029d1b14f7606c44901813f17cf25dac6735d63c162d1ae2bbb2db,,,,,
treetop,TR0194,194,bc5e72ad18b0ce5aad970dd4b61330c4c51d7e97379ebc97a3533bb08bf5b639,,,,,
treetop,TR0195,195,da05ea120d78f74887837ef0fdc32859462369520e63d681b3ce476594396e5f,,,,,
treetop,TR0196,196,b1a3667f09b7385dd270374505a84b0dab15b7dde6d85629d3c3a6c160832eb9,,,,,
treetop,TR0197,197,77f3f1651f25de68b26788378d783f723f29d9719ec729cede2738243d2fabf8,,,,,
treetop,TR0198,198,a5d0f0631e52f2b674ec1604a6ee008718863fc370af472bc86e530e5dbf5ba8,,,,,
treetop,TR0199,199,0a11e154c78d77a57754cf81ddb3dc3ad96dab1c1886ad280db82d493e7d5973,,,,,
treetop,TR0200,200,3e583e2f5881c5dc02d4a4c82153c61194fa4b7848c6f5ba4133a2480b395a18,,,,,
treetop,TR0201,201,2a5a6353e554d37df005b1bb06029555ef3bd8b4c935aed673d0f96f95604570,,,,,
treetop,TR0202,202,9c7693b1d5b940c7a834acc9edf98034b55b6a7d25c8f0a0b982792964a9deda,,,,,
treetop,TR0203,203,e61a8ecd2a843f41956eda79f9e13dedbfe1461c35f0b0fecbeb25ae26e11ef5,,,,,
treetop,TR0204,204,7cd843bbedaf0d756db2d25a749eae3d1d4c31f2fe38eef84155d214a7d8a7ac,,,,,
treetop,TR0205,205,156ed6b87c184d1840e3d5500f90ea36e9e1ced6e8d34dabe37e7fe4a06861f5,,,,,
treetop,TR0206,206,23d1df0125e93c9b16d70b1f6caba1a8e244244fb0b58a36d2359c05c7442622,,,,,
treetop,TR0207,207,fb1927013a1d7e2a44112aae5f449f3510d7bd1f9aaaa866d882466eafa87748,,,,,
treetop,TR0208,208,10f5b37e736602fbeb95217f54d471b743c29bfcddbd68048cd06f62a279bf1a,,,,,
treetop,TR0209,209,980953a07dd791fe8e95094fc6fb9d64d25b609ab48a8dba8526ee4831b096b0,,,,,
treetop,TR0210,210,df4422a9e8481f6cd84693a960703614e2ad630aa5d16284bbe1d15501655bf7,,,,,
treetop,TR0211,211,b07caeadbf65dd68c8377a9c465660b7f162574bc02e9579ed0cc9439643ca0c,,,,,
treetop,TR0212,212,37041a7c62ad165c77ac6df5fd36c3192b47cd7d51b2fb977222df230abb61aa,,,,,
treetop,TR0213,213,ff0cff9292d575bce9b2bcd4caad3b6a48f087c53e382b5f768044251cce7948,,,,,
treetop,TR0214,214,1bc9a218ae26f3bb5121bcebbdae95b3acf32e78510a0ccb5719f6a5b6e3de18,,,,,
treetop,TR0215,215,64f6245554513de46cce6ad66d85a5668ee1b8c2b66d8468f87fd9bc2356790f,,,,,
treetop,TR0216,216,9fdb461044ac24f33013aacdf7bb4927eb5b3f1cd7c4fbdba78354a85092b270,,,,,
treetop,TR0217,217,5af9c101d4ed85924530e1c46a60b0ce765fbf26108e7ce6a0fd3b26b3dadce3,,,,,
treetop,TR0218,218,37e19590466d0723042e4d556ec17e0d5bb3eb49b04644ae7b054ea4be48a028,,,,,
treetop,TR0219,219,97a640c3e8b2a235e7fa3999dc2342c0577bf3844c992c1035d5c95fae200646,,,,,
treetop,TR0220,220,d9ec1de3fc84483c64f20c618ead7f946c54b4119b1b28b3f581ece304bca201,,,,,
treetop,TR0221,221,a3c92a0c1b2572cf547c53f9ae9db89fcf3b8116ceb290e0239a5fe91712ff80,,,,,
treetop,TR0222,222,091e12d7b8daabc4e041d159962a885d729663817fd00d8b7f5dc2bde8a1d21d,,,,,
treetop,TR0223,223,574c9c600f87e7e16b2cd24b8029a3a2690698236daf5d3a41f6de91a5b03bc8,,,,,
treetop,TR0224,224,c3e0f737f2d5e4e841665bd4dad4b1615374198c404c24a63cf603748ae9230b,,,,,
treetop,TR0225,225,2bee8abd3a6aed2a2df3e9c28782866cd9a8b9ce5cc6e71074636ff170d25c29,,,,,
treetop,TR0226,226,a984ae6b0058bc2ddd928b877755502c4c4de7c1c79864d78b2e5fd634cc9e0a,,,,,
treetop,TR0227,227,1a57c61b9f84eab41871d02257b360005aa231c9174f4641914b6a436cd524d5,,,,,
treetop,TR0228,228,b7e02b81297d0dfe70ac4250962bd8aa0151828331fe159df1fb4a539fd3ae8e,,,,,
treetop,TR0229,229,3c571e230b52e1bce3ce6feb78821101fc726c858f2d029b2f23594c1f3d5387,,,,,
treetop,TR0230,230,18d9a26da26679701aff21345f6a5b5302669f9807ab9222c6c3539a13da9417,,,,,
treetop,TR0231,231,f8da82049b0f9bd4ea9285cfd3ddc2393624997946ac49f1fd9023fd903ca220,,,,,
treetop,TR0232,232,fa4076c9e94926893dfe0cd8ce6f139942731ce0550dfe2fe03601067933953d,,,,,
treetop,TR0233,233,e5421bce218159d0921940764b495a9a0e7b7edebea52d4c712c4baecdd1b7a3,,,,,
treetop,TR0234,234,3711f6a2fb5553b0a41c74e9435ec1a5a701c0563dac379c221d492eb55fde79,,,,,
treetop,TR0235,235,78dacb4b34287786338ed8cbbfb0c09ebe953f687075710a007cd7b33f581e8b,,,,,
treetop,TR0236,236,fb09afda535ef6bb09f535863dd4553141aa197ebe62b4fb985db0cf1fea562b,,,,,
treetop,TR0237,237,98abec4b14e034ddf8d9993b2ab342ec78251b517b98855361dc109b7b9434b1,,,,,
treetop,TR0238,238,4426af048340ca1d2ecf276bc314c6c85323ce3899b28de4ddd5c464f0bed127,,,,,
treetop,TR0239,239,cb92fcabf21949d22e715bf212cf558c4dbfcb3a3e30280d07eb30a05c016502,,,,,
treetop,TR0240,240,b0ed152928ae58c09d1fb7d25aa481fdcc8e41313d2b105b593ba6d03fffa7b7,,,,,
treetop,TR0241,241,f9f59b37f83d4dfc8905d3ebb27ea11476e660fd60a6e158d153e7c815ce102d,,,,,
treetop,TR0242,242,9a87cb830ac769fc21aff7520a9b07afe670089564f1f0c30ac58474028db3a5,,,,,
treetop,TR0243,243,510d7559c75f3d539f63a7989ae7bdc2a1c37de82d965798e643587f066ff7ba,,,,,
treetop,TR0244,244,e3934441edd91217b48110735e9aa3e9e80be3c4a3c08fdbd860361452102117,,,,,
treetop,TR0245,245,148664f703f081869af8c87aa4bbaeae0c44e6582d99fdb6f20607ce347bbbf0,,,,,
treetop,TR0246,246,378117943122b29aa99f9dc456ab5ab42f9602805fcd9ec8ad872a462f9de016,,,,,
treetop,TR0247,247,651be5bc087a1b962a02f5f37c45ede96da973de594759144aded81e2e056822,,,,,
treetop,TR0248,248,be6e732b727aebb00e8c858caedd859f6c3c813f3030ea3c9724ab3d76eba59f,,,,,
treetop,TR0249,249,57f95d3c58d379599cff93166f9c8a317f50417bcb95b853fdf9631bd4c2256d,,,,,
treetop,TR0250,250,d022150a84f9a6e38a3607f7472f6a370e98f39fedb2da1fb937aa0be5e92070,,,,,
treetop,TR0251,251,f97a68a213dafd840aca3f82e6fec47992136f40844aca97a01ccc298a7972ba,,,,,
treetop,TR0252,252,979676a0a11c6fbf2773473297008f2c920b238a3baadaf8d2601b3521549c34,,,,,
treetop,TR0253,253,95b72e561342d7c3b8186279ce8334157509deb098a9d3f46129e683c0f4311d,,,,,
treetop,TR0254,254,712dd830b4fb9c8425443462e77d81a22594a4b54ef83551e383cd84dbefa4e4,,,,,
treetop,TR0255,255,b0675f8c1a0046566248e549af72e2fcb557ea2408f2ec8126c1b2e491940c24,,,,,
treetop,TR0256,256,751ce891e58d45513da0124db18497434465978210879b81631202cef0eb43ea,,,,,
treetop,TR0257,257,95bf63db4bd157ad301875bd6101581f57c6bcc45e3747bbddc46b75a79b92c8,,,,,
treetop,TR0258,258,fe00b0fd92b487e780b2ed8466b3b9bdbb2757123043a365ac6261fc12e7aad3,,,,,
treetop,TR0259,259,1dd66904130e558d289ba7ac969fd8ef5cd1dbfe4b324b7fa3e175daf78dcbbf,,,,,
treetop,TR0260,260,db0e6abf50a41c49b5359e088c76cfb7ad4669cdec5dfcd89d91f3de659cdbd6,,,,,
treetop,TR0261,261,f92471bdba1b945f6b998cdfe1e49e1586fe0fff112b8cf4223e4ecc08bd2b5a,,,,,
treetop,TR0262,262,8d9fa97a7363c7fc402f38a7a9cefb1ee4a3268032226f2b00c2d55d03272d34,,,,,
treetop,TR0263,263,cc66b5bf0e33649e93d25c33151cd5f2447592a26fde77b442d3fcb906c27927,,,,,
treetop,TR0264,264,9eece8689cfdd6f29b2bfc59f34d52ebfff6b1e8331d9720f0774912d603f697,,,,,
treetop,TR0265,265,267453b6adbbaa05dcd92465039ada15f5f8132e595ea9de7d212b435b7ecd36,,,,,
treetop,TR0266,266,83bbbfd758ba6603cba0dcd4254357eaafef02f6218f0fe95bec532d6c17ac4f,,,,,
treetop,TR0267,267,87771ee17b12772df2e77f7b4b2f1df925cffbd9c4d7868271c43110af784257,,,,,
treetop,TR0268,268,d01f4db51efdbd140ca34c17e0f0f119a2a692a5089bd699fd69f3d5f89509fc,,,,,
treetop,TR0269,269,6d8d28e426ccad9fdff6f825bc42a89f6ee5e783473740701a61355e6f9dbc29,,,,,
treetop,TR0270,270,e6c193966e0cb313008ffba65dc50599e86d4ead12fbc7c9348a7ef91dac4bac,,,,,
treetop,TR0271,271,d5e434a392af572531b8be489915ff9283083e2a25b3340c067a7b45d0b7e7f4,,,,,
treetop,TR0272,272,c2b968cf6a8d2a562a9de896a4057f940e71cdeb4e5ec7ee194594a5dd412ad1,,,,,
treetop,TR0273,273,ee2b9a6a85c36c95ddf231d4da385fec8ebc60f584fadfa23c5e3d2aa9ff78b2,,,,,
treetop,TR0274,274,5663813a47bf8ae4cc3d6f22543c3dbc0b3a8cf86ccbeb2662a76cd98a1d6199,,,,,
treetop,TR0275,275,b5543232a035d6aaabeaf4cf85c15e6cedb2026906b7298d831c6388d3f1256c,,,,,
treetop,TR0276,276,2d0915985faa59ea4c055d57ecc8544351619f18014767a8790207ce1b8f146e,,,,,
treetop,TR0277,277,decf43b10c4891cf1248606090a8b21920ce4e51332b503e7bcd3ba7cdea935d,,,,,
treetop,TR0278,278,d732265d12267dd9a58e65b6f35d72b2d6cc300722774b731d84eae61455697e,,,,,
treetop,TR0279,279,6c37de586ed6167c7f44fa579d077fbf5c8af214d29d438bdb6a94a2370cc35a,,,,,
treetop,TR0280,280,6fec833492734a36f4f173397fca2c81431abd3ecfef8735fb69d7fea3d15981,,,,,
treetop,TR0281,281,fd5ad8c5d7a421475c69f370145c5b4dd6feae0b06e34461f3cce4b0b69d6770,,,,,
treetop,TR0282,282,2a8c4ce1b17e8438e16391fed7c3ce1b203b81d93b3ac012a230195be249e491,,,,,
treetop,TR0283,283,6521c9b82829d5f6694208057ee1add49c41acbcee6dcdceb2bd3059fc7ea592,,,,,
treetop,TR0284,284,604b4445a7344e8bfe29ea6ea4b871344e175257f934d8a85f1d908ff98a2821,,,,,
treetop,TR0285,285,c3318c457a747fa4e272a71a1d2de0908413cbb34fd00b10cb72d0a45e037c7b,,,,,
treetop,TR0286,286,4d7e9161bc7edfeb1bddff7992bdf8c6f370fef6a96eda8bd907d3435f2a3c7a,,,,,
treetop,TR0287,287,6cd3dce7c85ccdc42efa268d17a46269b201db41541a201cdc1de5e1710851ea,,,,,
treetop,TR0288,288,fb2c34b3324499d82b8b98d5be34f9e48f2f755d81baf0da22f45df67addd590,,,,,
treetop,TR0289,289,e8c59b4a2c71f9d4df8e890b8db767ff06e6ff80d776c7aef99169cfb81d78f8,,,,,
treetop,TR0290,290,e07a4d170b4f804122412cc632f325d31dc45c685bc507cbecb89f757a8a0653,,,,,
treetop,TR0291,291,1c9f4fe75c7b9c398f7d7f99c950e76207c4a28a4e78b3ea7fbbefb461ab7c81,,,,,
treetop,TR0292,292,eff47e7f62aeaf16b7262bf6cf09d47f8be05df2cd94f6272a58a111fb6725c7,,,,,
treetop,TR0293,293,8a1a913782d26e5fd0e9397e29043ffbcfc8c4bf28b87613ffb70be3cf6236f0,,,,,
treetop,TR0294,294,4e6fb4d111355a0a6a61502c7f6ce456c19c56c14fe9fdf483b6b8d52ab0ea47,,,,,
treetop,TR0295,295,4111099720b3e78c0c8ac660a30130ba1d8785150572a41848f5292a0366aa83,,,,,
treetop,TR0296,296,c84491ae22e156e17c2eddfc77df995cc7f6ebc81b6fa2eb2af255327bd03bb7,,,,,
treetop,TR0297,297,d19bf4840d76a09542a272b232bbb930150829fd21ad25f1fc133854c225ce33,,,,,
treetop,TR0298,298,0a6436751d6e6788fb042ede1d9b5da1b09368c0c656a76f8b2007a5cbae37e7,,,,,
treetop,TR0299,299,75b455231ef62dcacc6e07e8cd7bcfcbe46b083393b1a96baa3ce087231d1ae9,,,,,
treetop,TR0300,300,d5d5deb1512cce20555c805c53465071f155efc63f43a832b016d9810d5b0775,,,,,
treetop,TR0301,301,afa20302dbb1653d225fc8a27f3eec2b756ef0d5bf16d9f54931572bd93afc7f,,,,,
treetop,TR0302,302,5324c3e731b41b93b95850d1b161d3b11b555501d31f6e8900b3cf36bae6db78,,,,,
treetop,TR0303,303,1eabc83ff6f9ea1fea0d6d3201c9e778a57d468a0e22e1b550ecc221198fddee,,,,,
treetop,TR0304,304,910e3f4c710ee3dd32ef5de6c27c4e0b1c18b428369d5e564c0c4778077c1845,,,,,
treetop,TR0305,305,345ad3337aa34beafd7f9dce726676150bbb188569b5a5b034f3f2cb1ff6e4c5,,,,,
treetop,TR0306,306,88120eb4b8cb174c2a96db9b718cb9a7e8c4d64343fe823cb7631796634718e4,,,,,
treetop,TR0307,307,a62a79930021a2d8aa5047ad2d1a77c3e52759ad8f0a9009abbab07e0ae21a72,,,,,
treetop,TR0308,308,023b82b766f72971039f7b6d87a6fafb90b5bcb6d4a0053d4fe11b091365a5a3,,,,,
treetop,TR0309,309,d658bf64a32b31532c0869f94661d00f474d52b2822dcef3f65398f133effb62,,,,,
treetop,TR0310,310,ee3356b05a68a9ee8d3cb7f6210b98d28f0b454428a409e8f035b492c39f7c8b,,,,,
treetop,TR0311,311,f52aa9836510d60e46f08a30323ec27287a84638552d3f260d224dd48363abcc,,,,,
treetop,TR0312,312,d44b03ec2656b6177eedd6af7c7435220a0ef8566724eb2428a31fd06c8b6146,,,,,
treetop,TR0313,313,969a63956369a54f019f70d63790559b98cd388a57bdfd3857e4eacea64c6d39,,,,,
treetop,TR0314,314,60a2c8af612f4356edf0a3234504397fa21a2a43b8cf8cd7f874892980795b9c,,,,,
