UNIT_ID,QUEUE,LABEL,REVIEWER,patch_points,min_hag,mean_hag,max_hag,FLAG,REASON
Q1-0001,Q1_TREE_ON_ROOF,BUILDING_ROOF,bb,97,3.48,4.61,5.15,,
Q2-0001,Q2_BLDG_BACKGROUND,BUILDING_ROOF,bb,160,3.14,3.39,3.66,,
Q3-0001,Q3_VEG_BACKGROUND,OTHER_STRUCTURE,bb,526,1.06,2.15,2.47,,
Q4-0001,Q4_SHAPE,TREE,bb,74,5.89,6.76,8.12,,
Q5-0001,Q5_ROOF_CANDIDATE,BUILDING_ROOF,bb,33,8.72,8.8,8.89,,
Q6-0001,Q6_RANDOM,BUILDING_ROOF,bb,40,3.18,3.47,3.77,,
Q1-0002,Q1_TREE_ON_ROOF,BUILDING_ROOF,bb,130,2.9,3.41,5.66,,
Q2-0002,Q2_BLDG_BACKGROUND,VEHICLE,bb,36,0.89,1.98,2.54,,
Q3-0002,Q3_VEG_BACKGROUND,TREE,bb,30,-0.01,0.58,0.97,FLAG,"the patch's max height is 0.97 m above ground, but a tree is taller than 1.5 m"
Q5-0002,Q5_ROOF_CANDIDATE,BUILDING_ROOF,bb,15,6.32,6.82,7.43,,
Q6-0002,Q6_RANDOM,GROUND,bb,86,-0.02,0.03,0.06,,
Q2-0003,Q2_BLDG_BACKGROUND,OTHER_STRUCTURE,bb,46,0.02,1.75,3.17,,
Q2-0005,Q2_BLDG_BACKGROUND,BUILDING_ROOF,bb,95,7.25,7.3,7.33,,
Q6-0008,Q6_RANDOM,VEHICLE,bb,39,-0.02,0.03,0.09,FLAG,"the patch's max height is 0.09 m above ground, but a vehicle is taller than 0.8 m"
Q5-0010,Q5_ROOF_CANDIDATE,BUILDING_ROOF,bb,17,5.65,5.73,5.78,,
Q2-0011,Q2_BLDG_BACKGROUND,BUILDING_ROOF,bb,97,2.97,3.15,3.27,,
Q6-0019,Q6_RANDOM,WALL,bb,96,-0.13,0.05,0.24,FLAG,"the patch's max height is 0.24 m above ground, but a wall face is taller than 1 m"
Q1-0021,Q1_TREE_ON_ROOF,OTHER_STRUCTURE,bb,34,2.5,2.59,2.67,,
Q4-0022,Q4_SHAPE,TREE,bb,90,11.59,13.04,15.1,,
Q3-0025,Q3_VEG_BACKGROUND,BUILDING_ROOF,bb,33,2.58,3.05,3.39,,
Q6-0028,Q6_RANDOM,GROUND,bb,169,-0.07,0.06,0.16,,
Q6-0031,Q6_RANDOM,BUILDING_ROOF,bb,30,6.6,6.62,6.66,,
Q2-0034,Q2_BLDG_BACKGROUND,BUILDING_ROOF,bb,40,4.03,4.05,4.07,,
Q6-0034,Q6_RANDOM,GROUND,bb,37,-0.04,0.01,0.06,,
Q1-0039,Q1_TREE_ON_ROOF,BUILDING_ROOF,bb,68,6.78,8.06,10.4,,
Q6-0039,Q6_RANDOM,BUILDING_ROOF,bb,120,6.61,6.99,7.24,,
Q6-0042,Q6_RANDOM,SHRUB_LOW_VEG,bb,31,-0.06,0.02,0.12,,
Q6-0046,Q6_RANDOM,BUILDING_ROOF,bb,32,5.54,5.57,5.66,,
Q6-0047,Q6_RANDOM,GROUND,bb,38,-0.01,0.04,0.1,,
Q1-0052,Q1_TREE_ON_ROOF,UNSURE,bb,116,4.04,4.09,4.16,,
Q4-0058,Q4_SHAPE,TREE,bb,283,3.55,5.99,7.37,,
Q2-0060,Q2_BLDG_BACKGROUND,OTHER_STRUCTURE,bb,75,-0.06,0.06,0.13,FLAG,"the patch's max height is 0.13 m above ground, but a structure is taller than 0.8 m"
Q2-0066,Q2_BLDG_BACKGROUND,BUILDING_ROOF,bb,118,3.37,3.74,3.82,,
Q6-0068,Q6_RANDOM,SHRUB_LOW_VEG,bb,151,-0.02,0.05,0.12,,
Q6-0072,Q6_RANDOM,GROUND,bb,85,-0.03,0.02,0.06,,
Q4-0085,Q4_SHAPE,MIXED,bb,543,0.82,4.14,7.88,,
Q4-0091,Q4_SHAPE,UNSURE,bb,647,0.2,4.48,6.47,,
Q2-0103,Q2_BLDG_BACKGROUND,BUILDING_ROOF,bb,97,7.46,7.5,7.52,,
Q6-0104,Q6_RANDOM,GROUND,bb,35,-0.04,0.05,0.1,,
Q6-0108,Q6_RANDOM,GROUND,bb,32,-0.05,0.01,0.05,,
Q2-0109,Q2_BLDG_BACKGROUND,BUILDING_ROOF,bb,110,5.57,5.79,5.99,,
Q4-0113,Q4_SHAPE,TREE,bb,1065,4.12,10.69,14.56,,
Q2-0115,Q2_BLDG_BACKGROUND,OTHER_STRUCTURE,bb,35,3.27,3.3,3.34,,
Q6-0116,Q6_RANDOM,BUILDING_ROOF,bb,32,5.68,5.71,5.73,,
Q6-0119,Q6_RANDOM,VEHICLE,bb,89,0.01,0.07,0.13,FLAG,"the patch's max height is 0.13 m above ground, but a vehicle is taller than 0.8 m"
Q6-0124,Q6_RANDOM,BUILDING_ROOF,bb,41,5.12,5.15,5.17,,
Q6-0128,Q6_RANDOM,BUILDING_ROOF,bb,45,7.44,7.47,7.51,,
Q2-0133,Q2_BLDG_BACKGROUND,MIXED,bb,26,0.0,0.1,0.21,,
Q6-0133,Q6_RANDOM,GROUND,bb,39,0.0,0.04,0.08,,
Q4-0146,Q4_SHAPE,TREE,bb,622,6.49,8.75,10.74,,
Q6-0147,Q6_RANDOM,OTHER_STRUCTURE,bb,35,-0.01,0.02,0.06,FLAG,"the patch's max height is 0.06 m above ground, but a structure is taller than 0.8 m"
Q6-0148,Q6_RANDOM,POLE,bb,92,-0.01,0.04,0.09,FLAG,"the patch's max height is 0.09 m above ground, but a pole is taller than 1.5 m"
Q2-0152,Q2_BLDG_BACKGROUND,BUILDING_ROOF,bb,162,6.48,6.92,7.33,,
Q6-0153,Q6_RANDOM,GROUND,bb,89,-0.02,0.08,0.17,,
Q3-0161,Q3_VEG_BACKGROUND,TREE,bb,39,1.01,2.2,3.35,,
Q2-0163,Q2_BLDG_BACKGROUND,BUILDING_ROOF,bb,193,2.9,3.26,3.62,,
Q6-0171,Q6_RANDOM,GROUND,bb,151,-0.01,0.04,0.09,,
Q6-0173,Q6_RANDOM,GROUND,bb,28,0.0,0.03,0.07,,
