NAIP2021_LAS_CODE,NAIP2024_LAS_CODE,ELIGIBLE_POINTS
0,0,1141
0,1,2509
0,2,2343
0,5,6097
0,6,6060
0,9,4
0,17,847
0,64,333
1,0,2979
1,1,151728
1,2,2375
1,5,40069
1,6,21327
1,9,1
1,17,10
1,64,1215
2,0,2616
2,1,1817
2,2,12829857
2,5,36105
2,6,24099
2,9,3253
2,17,2968
2,64,1
5,0,5383
5,1,22879
5,2,37943
5,5,9555745
5,6,55727
5,17,19
5,64,1918
6,0,3901
6,1,9485
6,2,32612
6,5,70533
6,6,3849647
6,17,1061
6,64,112
9,0,5
9,1,97
9,2,7173
9,6,39
9,9,263
9,17,299
17,0,363
17,1,74
17,2,8158
17,5,13
17,6,1742
17,9,95
17,17,32691
17,64,647
64,0,567
64,1,1585
64,2,2
64,5,4449
64,6,939
64,17,1888
64,64,64056
