UNIT_ID,LABEL,HUMAN_FAMILY,MODEL_FAMILY,STATUS,AGREE,PATCH_POINTS,MODEL_SHARE,MEAN_REPEAT_AGREEMENT,UNANIMOUS_POINT_SHARE,TIED_POINTS,WEAK_POINTS,FAMILY_COUNTS,VARIANT,TRIAGE_PROPOSED,TRIAGE_TIER,TRIAGE_EXACT_AGREE
Q1-0001,BUILDING_ROOF,BUILDING,BUILDING,COMPARED,True,97,0.9381443298969072,1.0,1.0,0,0,"{""ABSTAIN"": 0, ""BUILDING"": 91, ""GROUND"": 0, ""OTHER"": 6, ""STRUCTURE"": 0, ""VEGETATION"": 0, ""WATER"": 0}",naip2021,,REVIEW,
Q2-0001,BUILDING_ROOF,BUILDING,BUILDING,COMPARED,True,160,1.0,1.0,1.0,0,0,"{""ABSTAIN"": 0, ""BUILDING"": 160, ""GROUND"": 0, ""OTHER"": 0, ""STRUCTURE"": 0, ""VEGETATION"": 0, ""WATER"": 0}",naip2021,BUILDING_ROOF,AUTO_CANDIDATE,True
Q3-0001,OTHER_STRUCTURE,,VEGETATION,LABEL_NOT_COMPARABLE,,507,0.5483234714003945,0.7126889824867249,0.13806706114398423,0,0,"{""ABSTAIN"": 0, ""BUILDING"": 229, ""GROUND"": 0, ""OTHER"": 0, ""STRUCTURE"": 0, ""VEGETATION"": 278, ""WATER"": 0}",naip2021,,REVIEW,
Q4-0001,TREE,VEGETATION,VEGETATION,COMPARED,True,74,1.0,1.0,1.0,0,0,"{""ABSTAIN"": 0, ""BUILDING"": 0, ""GROUND"": 0, ""OTHER"": 0, ""STRUCTURE"": 0, ""VEGETATION"": 74, ""WATER"": 0}",naip2021,,REVIEW,
Q5-0001,BUILDING_ROOF,BUILDING,BUILDING,COMPARED,True,33,1.0,1.0,1.0,0,0,"{""ABSTAIN"": 0, ""BUILDING"": 33, ""GROUND"": 0, ""OTHER"": 0, ""STRUCTURE"": 0, ""VEGETATION"": 0, ""WATER"": 0}",naip2021,,REVIEW,
Q6-0001,BUILDING_ROOF,BUILDING,BUILDING,COMPARED,True,40,1.0,1.0,1.0,0,0,"{""ABSTAIN"": 0, ""BUILDING"": 40, ""GROUND"": 0, ""OTHER"": 0, ""STRUCTURE"": 0, ""VEGETATION"": 0, ""WATER"": 0}",naip2021,BUILDING_ROOF,AUTO_CANDIDATE,True
Q1-0002,BUILDING_ROOF,BUILDING,BUILDING,COMPARED,True,130,0.8461538461538461,0.9512820839881897,0.8538461538461538,0,0,"{""ABSTAIN"": 0, ""BUILDING"": 110, ""GROUND"": 0, ""OTHER"": 0, ""STRUCTURE"": 0, ""VEGETATION"": 20, ""WATER"": 0}",naip2021,,REVIEW,
Q2-0002,VEHICLE,,OTHER,LABEL_NOT_COMPARABLE,,36,1.0,1.0,1.0,0,0,"{""ABSTAIN"": 0, ""BUILDING"": 0, ""GROUND"": 0, ""OTHER"": 36, ""STRUCTURE"": 0, ""VEGETATION"": 0, ""WATER"": 0}",naip2021,,REVIEW,
Q3-0002,TREE,VEGETATION,VEGETATION,COMPARED,True,30,0.7333333333333333,1.0,1.0,0,0,"{""ABSTAIN"": 0, ""BUILDING"": 0, ""GROUND"": 8, ""OTHER"": 0, ""STRUCTURE"": 0, ""VEGETATION"": 22, ""WATER"": 0}",naip2021,,REVIEW,
Q5-0002,BUILDING_ROOF,BUILDING,BUILDING,COMPARED,True,15,1.0,1.0,1.0,0,0,"{""ABSTAIN"": 0, ""BUILDING"": 15, ""GROUND"": 0, ""OTHER"": 0, ""STRUCTURE"": 0, ""VEGETATION"": 0, ""WATER"": 0}",naip2021,,REVIEW,
Q6-0002,GROUND,GROUND,GROUND,COMPARED,True,86,1.0,1.0,1.0,0,0,"{""ABSTAIN"": 0, ""BUILDING"": 0, ""GROUND"": 86, ""OTHER"": 0, ""STRUCTURE"": 0, ""VEGETATION"": 0, ""WATER"": 0}",naip2021,,REVIEW,
Q2-0003,OTHER_STRUCTURE,,BUILDING,LABEL_NOT_COMPARABLE,,46,0.5217391304347826,0.8840579986572266,0.6956521739130435,2,2,"{""ABSTAIN"": 2, ""BUILDING"": 24, ""GROUND"": 9, ""OTHER"": 11, ""STRUCTURE"": 0, ""VEGETATION"": 0, ""WATER"": 0}",naip2021,,REVIEW,
Q2-0005,BUILDING_ROOF,BUILDING,BUILDING,COMPARED,True,95,1.0,1.0,1.0,0,0,"{""ABSTAIN"": 0, ""BUILDING"": 95, ""GROUND"": 0, ""OTHER"": 0, ""STRUCTURE"": 0, ""VEGETATION"": 0, ""WATER"": 0}",naip2021,BUILDING_ROOF,AUTO_CANDIDATE,True
Q6-0008,VEHICLE,,GROUND,LABEL_NOT_COMPARABLE,,39,1.0,1.0,1.0,0,0,"{""ABSTAIN"": 0, ""BUILDING"": 0, ""GROUND"": 39, ""OTHER"": 0, ""STRUCTURE"": 0, ""VEGETATION"": 0, ""WATER"": 0}",naip2021,,REVIEW,
Q5-0010,BUILDING_ROOF,BUILDING,BUILDING,COMPARED,True,17,1.0,1.0,1.0,0,0,"{""ABSTAIN"": 0, ""BUILDING"": 17, ""GROUND"": 0, ""OTHER"": 0, ""STRUCTURE"": 0, ""VEGETATION"": 0, ""WATER"": 0}",naip2021,,REVIEW,
Q2-0011,BUILDING_ROOF,BUILDING,BUILDING,COMPARED,True,97,1.0,1.0,1.0,0,0,"{""ABSTAIN"": 0, ""BUILDING"": 97, ""GROUND"": 0, ""OTHER"": 0, ""STRUCTURE"": 0, ""VEGETATION"": 0, ""WATER"": 0}",naip2021,BUILDING_ROOF,AUTO_CANDIDATE,True
Q6-0019,WALL,,GROUND,LABEL_NOT_COMPARABLE,,96,1.0,1.0,1.0,0,0,"{""ABSTAIN"": 0, ""BUILDING"": 0, ""GROUND"": 96, ""OTHER"": 0, ""STRUCTURE"": 0, ""VEGETATION"": 0, ""WATER"": 0}",naip2021,,REVIEW,
Q1-0021,OTHER_STRUCTURE,,BUILDING,LABEL_NOT_COMPARABLE,,34,1.0,1.0,1.0,0,0,"{""ABSTAIN"": 0, ""BUILDING"": 34, ""GROUND"": 0, ""OTHER"": 0, ""STRUCTURE"": 0, ""VEGETATION"": 0, ""WATER"": 0}",naip2021,,REVIEW,
Q4-0022,TREE,VEGETATION,VEGETATION,COMPARED,True,90,1.0,1.0,1.0,0,0,"{""ABSTAIN"": 0, ""BUILDING"": 0, ""GROUND"": 0, ""OTHER"": 0, ""STRUCTURE"": 0, ""VEGETATION"": 90, ""WATER"": 0}",naip2021,TREE,AUTO_CANDIDATE,True
Q3-0025,BUILDING_ROOF,BUILDING,BUILDING,COMPARED,True,33,1.0,1.0,1.0,0,0,"{""ABSTAIN"": 0, ""BUILDING"": 33, ""GROUND"": 0, ""OTHER"": 0, ""STRUCTURE"": 0, ""VEGETATION"": 0, ""WATER"": 0}",naip2021,BUILDING_ROOF,AUTO_CANDIDATE,True
Q6-0028,GROUND,GROUND,GROUND,COMPARED,True,169,1.0,1.0,1.0,0,0,"{""ABSTAIN"": 0, ""BUILDING"": 0, ""GROUND"": 169, ""OTHER"": 0, ""STRUCTURE"": 0, ""VEGETATION"": 0, ""WATER"": 0}",naip2021,,REVIEW,
Q6-0031,BUILDING_ROOF,BUILDING,BUILDING,COMPARED,True,30,0.7,0.666666567325592,0.0,0,0,"{""ABSTAIN"": 0, ""BUILDING"": 21, ""GROUND"": 9, ""OTHER"": 0, ""STRUCTURE"": 0, ""VEGETATION"": 0, ""WATER"": 0}",naip2021,BUILDING_ROOF,AUTO_CANDIDATE,True
Q2-0034,BUILDING_ROOF,BUILDING,BUILDING,COMPARED,True,40,1.0,1.0,1.0,0,0,"{""ABSTAIN"": 0, ""BUILDING"": 40, ""GROUND"": 0, ""OTHER"": 0, ""STRUCTURE"": 0, ""VEGETATION"": 0, ""WATER"": 0}",naip2021,BUILDING_ROOF,AUTO_CANDIDATE,True
Q6-0034,GROUND,GROUND,GROUND,COMPARED,True,37,1.0,1.0,1.0,0,0,"{""ABSTAIN"": 0, ""BUILDING"": 0, ""GROUND"": 37, ""OTHER"": 0, ""STRUCTURE"": 0, ""VEGETATION"": 0, ""WATER"": 0}",naip2021,,REVIEW,
Q1-0039,BUILDING_ROOF,BUILDING,VEGETATION,COMPARED,False,68,0.5441176470588235,0.936274528503418,0.8088235294117647,0,0,"{""ABSTAIN"": 0, ""BUILDING"": 0, ""GROUND"": 31, ""OTHER"": 0, ""STRUCTURE"": 0, ""VEGETATION"": 37, ""WATER"": 0}",naip2021,,REVIEW,
Q6-0039,BUILDING_ROOF,BUILDING,BUILDING,COMPARED,True,120,1.0,1.0,1.0,0,0,"{""ABSTAIN"": 0, ""BUILDING"": 120, ""GROUND"": 0, ""OTHER"": 0, ""STRUCTURE"": 0, ""VEGETATION"": 0, ""WATER"": 0}",naip2021,BUILDING_ROOF,AUTO_CANDIDATE,True
Q6-0042,SHRUB_LOW_VEG,VEGETATION,GROUND,COMPARED,False,31,1.0,1.0,1.0,0,0,"{""ABSTAIN"": 0, ""BUILDING"": 0, ""GROUND"": 31, ""OTHER"": 0, ""STRUCTURE"": 0, ""VEGETATION"": 0, ""WATER"": 0}",naip2021,,REVIEW,
Q6-0046,BUILDING_ROOF,BUILDING,BUILDING,COMPARED,True,32,1.0,1.0,1.0,0,0,"{""ABSTAIN"": 0, ""BUILDING"": 32, ""GROUND"": 0, ""OTHER"": 0, ""STRUCTURE"": 0, ""VEGETATION"": 0, ""WATER"": 0}",naip2021,BUILDING_ROOF,AUTO_CANDIDATE,True
Q6-0047,GROUND,GROUND,GROUND,COMPARED,True,38,1.0,1.0,1.0,0,0,"{""ABSTAIN"": 0, ""BUILDING"": 0, ""GROUND"": 38, ""OTHER"": 0, ""STRUCTURE"": 0, ""VEGETATION"": 0, ""WATER"": 0}",naip2021,,REVIEW,
Q1-0052,UNSURE,,BUILDING,LABEL_NOT_COMPARABLE,,116,1.0,1.0,1.0,0,0,"{""ABSTAIN"": 0, ""BUILDING"": 116, ""GROUND"": 0, ""OTHER"": 0, ""STRUCTURE"": 0, ""VEGETATION"": 0, ""WATER"": 0}",naip2021,BUILDING_ROOF,AUTO_CANDIDATE,False
Q4-0058,TREE,VEGETATION,VEGETATION,COMPARED,True,283,1.0,1.0,1.0,0,0,"{""ABSTAIN"": 0, ""BUILDING"": 0, ""GROUND"": 0, ""OTHER"": 0, ""STRUCTURE"": 0, ""VEGETATION"": 283, ""WATER"": 0}",naip2021,TREE,AUTO_CANDIDATE,True
Q2-0060,OTHER_STRUCTURE,,GROUND,LABEL_NOT_COMPARABLE,,75,1.0,1.0,1.0,0,0,"{""ABSTAIN"": 0, ""BUILDING"": 0, ""GROUND"": 75, ""OTHER"": 0, ""STRUCTURE"": 0, ""VEGETATION"": 0, ""WATER"": 0}",naip2021,,REVIEW,
Q2-0066,BUILDING_ROOF,BUILDING,BUILDING,COMPARED,True,118,1.0,1.0,1.0,0,0,"{""ABSTAIN"": 0, ""BUILDING"": 118, ""GROUND"": 0, ""OTHER"": 0, ""STRUCTURE"": 0, ""VEGETATION"": 0, ""WATER"": 0}",naip2021,BUILDING_ROOF,AUTO_CANDIDATE,True
Q6-0068,SHRUB_LOW_VEG,VEGETATION,GROUND,COMPARED,False,151,1.0,1.0,1.0,0,0,"{""ABSTAIN"": 0, ""BUILDING"": 0, ""GROUND"": 151, ""OTHER"": 0, ""STRUCTURE"": 0, ""VEGETATION"": 0, ""WATER"": 0}",naip2021,,REVIEW,
Q6-0072,GROUND,GROUND,STRUCTURE,COMPARED,False,85,1.0,1.0,1.0,0,0,"{""ABSTAIN"": 0, ""BUILDING"": 0, ""GROUND"": 0, ""OTHER"": 0, ""STRUCTURE"": 85, ""VEGETATION"": 0, ""WATER"": 0}",naip2021,,REVIEW,
Q4-0085,MIXED,,VEGETATION,LABEL_NOT_COMPARABLE,,542,1.0,0.9993850588798523,0.9981549815498155,0,0,"{""ABSTAIN"": 0, ""BUILDING"": 0, ""GROUND"": 0, ""OTHER"": 0, ""STRUCTURE"": 0, ""VEGETATION"": 542, ""WATER"": 0}",naip2021,TREE,AUTO_CANDIDATE,False
Q4-0091,UNSURE,,VEGETATION,LABEL_NOT_COMPARABLE,,619,0.9870759289176091,0.9989230632781982,0.9967689822294022,0,0,"{""ABSTAIN"": 0, ""BUILDING"": 0, ""GROUND"": 8, ""OTHER"": 0, ""STRUCTURE"": 0, ""VEGETATION"": 611, ""WATER"": 0}",naip2021,TREE,AUTO_CANDIDATE,False
Q2-0103,BUILDING_ROOF,BUILDING,BUILDING,COMPARED,True,97,1.0,1.0,1.0,0,0,"{""ABSTAIN"": 0, ""BUILDING"": 97, ""GROUND"": 0, ""OTHER"": 0, ""STRUCTURE"": 0, ""VEGETATION"": 0, ""WATER"": 0}",naip2021,BUILDING_ROOF,AUTO_CANDIDATE,True
Q6-0104,GROUND,GROUND,GROUND,COMPARED,True,35,1.0,1.0,1.0,0,0,"{""ABSTAIN"": 0, ""BUILDING"": 0, ""GROUND"": 35, ""OTHER"": 0, ""STRUCTURE"": 0, ""VEGETATION"": 0, ""WATER"": 0}",naip2021,,REVIEW,
Q6-0108,GROUND,GROUND,GROUND,COMPARED,True,32,1.0,1.0,1.0,0,0,"{""ABSTAIN"": 0, ""BUILDING"": 0, ""GROUND"": 32, ""OTHER"": 0, ""STRUCTURE"": 0, ""VEGETATION"": 0, ""WATER"": 0}",naip2021,,REVIEW,
Q2-0109,BUILDING_ROOF,BUILDING,BUILDING,COMPARED,True,110,1.0,1.0,1.0,0,0,"{""ABSTAIN"": 0, ""BUILDING"": 110, ""GROUND"": 0, ""OTHER"": 0, ""STRUCTURE"": 0, ""VEGETATION"": 0, ""WATER"": 0}",naip2021,BUILDING_ROOF,AUTO_CANDIDATE,True
Q4-0113,TREE,VEGETATION,VEGETATION,COMPARED,True,1022,1.0,1.0,1.0,0,0,"{""ABSTAIN"": 0, ""BUILDING"": 0, ""GROUND"": 0, ""OTHER"": 0, ""STRUCTURE"": 0, ""VEGETATION"": 1022, ""WATER"": 0}",naip2021,TREE,AUTO_CANDIDATE,True
Q2-0115,OTHER_STRUCTURE,,BUILDING,LABEL_NOT_COMPARABLE,,35,1.0,1.0,1.0,0,0,"{""ABSTAIN"": 0, ""BUILDING"": 35, ""GROUND"": 0, ""OTHER"": 0, ""STRUCTURE"": 0, ""VEGETATION"": 0, ""WATER"": 0}",naip2021,BUILDING_ROOF,AUTO_CANDIDATE,False
Q6-0116,BUILDING_ROOF,BUILDING,BUILDING,COMPARED,True,32,1.0,1.0,1.0,0,0,"{""ABSTAIN"": 0, ""BUILDING"": 32, ""GROUND"": 0, ""OTHER"": 0, ""STRUCTURE"": 0, ""VEGETATION"": 0, ""WATER"": 0}",naip2021,BUILDING_ROOF,AUTO_CANDIDATE,True
Q6-0119,VEHICLE,,GROUND,LABEL_NOT_COMPARABLE,,89,1.0,1.0,1.0,0,0,"{""ABSTAIN"": 0, ""BUILDING"": 0, ""GROUND"": 89, ""OTHER"": 0, ""STRUCTURE"": 0, ""VEGETATION"": 0, ""WATER"": 0}",naip2021,,REVIEW,
Q6-0124,BUILDING_ROOF,BUILDING,BUILDING,COMPARED,True,41,1.0,1.0,1.0,0,0,"{""ABSTAIN"": 0, ""BUILDING"": 41, ""GROUND"": 0, ""OTHER"": 0, ""STRUCTURE"": 0, ""VEGETATION"": 0, ""WATER"": 0}",naip2021,BUILDING_ROOF,AUTO_CANDIDATE,True
Q6-0128,BUILDING_ROOF,BUILDING,BUILDING,COMPARED,True,45,1.0,1.0,1.0,0,0,"{""ABSTAIN"": 0, ""BUILDING"": 45, ""GROUND"": 0, ""OTHER"": 0, ""STRUCTURE"": 0, ""VEGETATION"": 0, ""WATER"": 0}",naip2021,BUILDING_ROOF,AUTO_CANDIDATE,True
Q2-0133,MIXED,,GROUND,LABEL_NOT_COMPARABLE,,26,1.0,1.0,1.0,0,0,"{""ABSTAIN"": 0, ""BUILDING"": 0, ""GROUND"": 26, ""OTHER"": 0, ""STRUCTURE"": 0, ""VEGETATION"": 0, ""WATER"": 0}",naip2021,,REVIEW,
Q6-0133,GROUND,GROUND,GROUND,COMPARED,True,39,1.0,1.0,1.0,0,0,"{""ABSTAIN"": 0, ""BUILDING"": 0, ""GROUND"": 39, ""OTHER"": 0, ""STRUCTURE"": 0, ""VEGETATION"": 0, ""WATER"": 0}",naip2021,,REVIEW,
Q4-0146,TREE,VEGETATION,VEGETATION,COMPARED,True,622,1.0,1.0,1.0,0,0,"{""ABSTAIN"": 0, ""BUILDING"": 0, ""GROUND"": 0, ""OTHER"": 0, ""STRUCTURE"": 0, ""VEGETATION"": 622, ""WATER"": 0}",naip2021,TREE,AUTO_CANDIDATE,True
Q6-0147,OTHER_STRUCTURE,,GROUND,LABEL_NOT_COMPARABLE,,35,1.0,1.0,1.0,0,0,"{""ABSTAIN"": 0, ""BUILDING"": 0, ""GROUND"": 35, ""OTHER"": 0, ""STRUCTURE"": 0, ""VEGETATION"": 0, ""WATER"": 0}",naip2021,,REVIEW,
Q6-0148,POLE,,GROUND,LABEL_NOT_COMPARABLE,,92,1.0,1.0,1.0,0,0,"{""ABSTAIN"": 0, ""BUILDING"": 0, ""GROUND"": 92, ""OTHER"": 0, ""STRUCTURE"": 0, ""VEGETATION"": 0, ""WATER"": 0}",naip2021,,REVIEW,
Q2-0152,BUILDING_ROOF,BUILDING,BUILDING,COMPARED,True,162,1.0,1.0,1.0,0,0,"{""ABSTAIN"": 0, ""BUILDING"": 162, ""GROUND"": 0, ""OTHER"": 0, ""STRUCTURE"": 0, ""VEGETATION"": 0, ""WATER"": 0}",naip2021,BUILDING_ROOF,AUTO_CANDIDATE,True
Q6-0153,GROUND,GROUND,GROUND,COMPARED,True,89,1.0,1.0,1.0,0,0,"{""ABSTAIN"": 0, ""BUILDING"": 0, ""GROUND"": 89, ""OTHER"": 0, ""STRUCTURE"": 0, ""VEGETATION"": 0, ""WATER"": 0}",naip2021,,REVIEW,
Q3-0161,TREE,VEGETATION,VEGETATION,COMPARED,True,39,1.0,1.0,1.0,0,0,"{""ABSTAIN"": 0, ""BUILDING"": 0, ""GROUND"": 0, ""OTHER"": 0, ""STRUCTURE"": 0, ""VEGETATION"": 39, ""WATER"": 0}",naip2021,TREE,AUTO_CANDIDATE,True
Q2-0163,BUILDING_ROOF,BUILDING,BUILDING,COMPARED,True,193,1.0,1.0,1.0,0,0,"{""ABSTAIN"": 0, ""BUILDING"": 193, ""GROUND"": 0, ""OTHER"": 0, ""STRUCTURE"": 0, ""VEGETATION"": 0, ""WATER"": 0}",naip2021,,REVIEW,
Q6-0171,GROUND,GROUND,GROUND,COMPARED,True,151,1.0,1.0,1.0,0,0,"{""ABSTAIN"": 0, ""BUILDING"": 0, ""GROUND"": 151, ""OTHER"": 0, ""STRUCTURE"": 0, ""VEGETATION"": 0, ""WATER"": 0}",naip2021,,REVIEW,
Q6-0173,GROUND,GROUND,GROUND,COMPARED,True,28,1.0,0.678571343421936,0.03571428571428571,0,0,"{""ABSTAIN"": 0, ""BUILDING"": 0, ""GROUND"": 28, ""OTHER"": 0, ""STRUCTURE"": 0, ""VEGETATION"": 0, ""WATER"": 0}",naip2021,,REVIEW,
Q1-0001,BUILDING_ROOF,BUILDING,BUILDING,COMPARED,True,97,0.9484536082474226,1.0,1.0,0,0,"{""ABSTAIN"": 0, ""BUILDING"": 92, ""GROUND"": 0, ""OTHER"": 5, ""STRUCTURE"": 0, ""VEGETATION"": 0, ""WATER"": 0}",naip2024,,REVIEW,
Q2-0001,BUILDING_ROOF,BUILDING,BUILDING,COMPARED,True,160,1.0,1.0,1.0,0,0,"{""ABSTAIN"": 0, ""BUILDING"": 160, ""GROUND"": 0, ""OTHER"": 0, ""STRUCTURE"": 0, ""VEGETATION"": 0, ""WATER"": 0}",naip2024,BUILDING_ROOF,AUTO_CANDIDATE,True
Q3-0001,OTHER_STRUCTURE,,BUILDING,LABEL_NOT_COMPARABLE,,507,0.7337278106508875,0.9053255319595337,0.7159763313609467,0,0,"{""ABSTAIN"": 0, ""BUILDING"": 372, ""GROUND"": 0, ""OTHER"": 0, ""STRUCTURE"": 0, ""VEGETATION"": 135, ""WATER"": 0}",naip2024,,REVIEW,
Q4-0001,TREE,VEGETATION,VEGETATION,COMPARED,True,74,1.0,1.0,1.0,0,0,"{""ABSTAIN"": 0, ""BUILDING"": 0, ""GROUND"": 0, ""OTHER"": 0, ""STRUCTURE"": 0, ""VEGETATION"": 74, ""WATER"": 0}",naip2024,,REVIEW,
Q5-0001,BUILDING_ROOF,BUILDING,BUILDING,COMPARED,True,33,1.0,1.0,1.0,0,0,"{""ABSTAIN"": 0, ""BUILDING"": 33, ""GROUND"": 0, ""OTHER"": 0, ""STRUCTURE"": 0, ""VEGETATION"": 0, ""WATER"": 0}",naip2024,,REVIEW,
Q6-0001,BUILDING_ROOF,BUILDING,BUILDING,COMPARED,True,40,1.0,1.0,1.0,0,0,"{""ABSTAIN"": 0, ""BUILDING"": 40, ""GROUND"": 0, ""OTHER"": 0, ""STRUCTURE"": 0, ""VEGETATION"": 0, ""WATER"": 0}",naip2024,BUILDING_ROOF,AUTO_CANDIDATE,True
Q1-0002,BUILDING_ROOF,BUILDING,BUILDING,COMPARED,True,130,0.9846153846153847,0.9487179517745972,0.8461538461538461,0,0,"{""ABSTAIN"": 0, ""BUILDING"": 128, ""GROUND"": 0, ""OTHER"": 0, ""STRUCTURE"": 0, ""VEGETATION"": 2, ""WATER"": 0}",naip2024,,REVIEW,
Q2-0002,VEHICLE,,OTHER,LABEL_NOT_COMPARABLE,,36,1.0,1.0,1.0,0,0,"{""ABSTAIN"": 0, ""BUILDING"": 0, ""GROUND"": 0, ""OTHER"": 36, ""STRUCTURE"": 0, ""VEGETATION"": 0, ""WATER"": 0}",naip2024,,REVIEW,
Q3-0002,TREE,VEGETATION,VEGETATION,COMPARED,True,30,0.7333333333333333,1.0,1.0,0,0,"{""ABSTAIN"": 0, ""BUILDING"": 0, ""GROUND"": 8, ""OTHER"": 0, ""STRUCTURE"": 0, ""VEGETATION"": 22, ""WATER"": 0}",naip2024,,REVIEW,
Q5-0002,BUILDING_ROOF,BUILDING,BUILDING,COMPARED,True,15,1.0,1.0,1.0,0,0,"{""ABSTAIN"": 0, ""BUILDING"": 15, ""GROUND"": 0, ""OTHER"": 0, ""STRUCTURE"": 0, ""VEGETATION"": 0, ""WATER"": 0}",naip2024,,REVIEW,
Q6-0002,GROUND,GROUND,GROUND,COMPARED,True,86,1.0,1.0,1.0,0,0,"{""ABSTAIN"": 0, ""BUILDING"": 0, ""GROUND"": 86, ""OTHER"": 0, ""STRUCTURE"": 0, ""VEGETATION"": 0, ""WATER"": 0}",naip2024,,REVIEW,
Q2-0003,OTHER_STRUCTURE,,BUILDING,LABEL_NOT_COMPARABLE,,46,0.6956521739130435,0.9492753744125366,0.8478260869565217,0,0,"{""ABSTAIN"": 0, ""BUILDING"": 32, ""GROUND"": 12, ""OTHER"": 2, ""STRUCTURE"": 0, ""VEGETATION"": 0, ""WATER"": 0}",naip2024,,REVIEW,
Q2-0005,BUILDING_ROOF,BUILDING,BUILDING,COMPARED,True,95,1.0,1.0,1.0,0,0,"{""ABSTAIN"": 0, ""BUILDING"": 95, ""GROUND"": 0, ""OTHER"": 0, ""STRUCTURE"": 0, ""VEGETATION"": 0, ""WATER"": 0}",naip2024,BUILDING_ROOF,AUTO_CANDIDATE,True
Q6-0008,VEHICLE,,GROUND,LABEL_NOT_COMPARABLE,,39,1.0,1.0,1.0,0,0,"{""ABSTAIN"": 0, ""BUILDING"": 0, ""GROUND"": 39, ""OTHER"": 0, ""STRUCTURE"": 0, ""VEGETATION"": 0, ""WATER"": 0}",naip2024,,REVIEW,
Q5-0010,BUILDING_ROOF,BUILDING,BUILDING,COMPARED,True,17,1.0,1.0,1.0,0,0,"{""ABSTAIN"": 0, ""BUILDING"": 17, ""GROUND"": 0, ""OTHER"": 0, ""STRUCTURE"": 0, ""VEGETATION"": 0, ""WATER"": 0}",naip2024,,REVIEW,
Q2-0011,BUILDING_ROOF,BUILDING,BUILDING,COMPARED,True,97,1.0,1.0,1.0,0,0,"{""ABSTAIN"": 0, ""BUILDING"": 97, ""GROUND"": 0, ""OTHER"": 0, ""STRUCTURE"": 0, ""VEGETATION"": 0, ""WATER"": 0}",naip2024,BUILDING_ROOF,AUTO_CANDIDATE,True
Q6-0019,WALL,,GROUND,LABEL_NOT_COMPARABLE,,96,1.0,1.0,1.0,0,0,"{""ABSTAIN"": 0, ""BUILDING"": 0, ""GROUND"": 96, ""OTHER"": 0, ""STRUCTURE"": 0, ""VEGETATION"": 0, ""WATER"": 0}",naip2024,,REVIEW,
Q1-0021,OTHER_STRUCTURE,,BUILDING,LABEL_NOT_COMPARABLE,,34,1.0,0.9901961088180542,0.9705882352941176,0,0,"{""ABSTAIN"": 0, ""BUILDING"": 34, ""GROUND"": 0, ""OTHER"": 0, ""STRUCTURE"": 0, ""VEGETATION"": 0, ""WATER"": 0}",naip2024,,REVIEW,
Q4-0022,TREE,VEGETATION,VEGETATION,COMPARED,True,90,1.0,1.0,1.0,0,0,"{""ABSTAIN"": 0, ""BUILDING"": 0, ""GROUND"": 0, ""OTHER"": 0, ""STRUCTURE"": 0, ""VEGETATION"": 90, ""WATER"": 0}",naip2024,TREE,AUTO_CANDIDATE,True
Q3-0025,BUILDING_ROOF,BUILDING,BUILDING,COMPARED,True,33,1.0,1.0,1.0,0,0,"{""ABSTAIN"": 0, ""BUILDING"": 33, ""GROUND"": 0, ""OTHER"": 0, ""STRUCTURE"": 0, ""VEGETATION"": 0, ""WATER"": 0}",naip2024,BUILDING_ROOF,AUTO_CANDIDATE,True
Q6-0028,GROUND,GROUND,GROUND,COMPARED,True,169,1.0,1.0,1.0,0,0,"{""ABSTAIN"": 0, ""BUILDING"": 0, ""GROUND"": 169, ""OTHER"": 0, ""STRUCTURE"": 0, ""VEGETATION"": 0, ""WATER"": 0}",naip2024,,REVIEW,
Q6-0031,BUILDING_ROOF,BUILDING,BUILDING,COMPARED,True,30,1.0,0.7222221493721008,0.16666666666666666,0,0,"{""ABSTAIN"": 0, ""BUILDING"": 30, ""GROUND"": 0, ""OTHER"": 0, ""STRUCTURE"": 0, ""VEGETATION"": 0, ""WATER"": 0}",naip2024,BUILDING_ROOF,AUTO_CANDIDATE,True
Q2-0034,BUILDING_ROOF,BUILDING,BUILDING,COMPARED,True,40,1.0,1.0,1.0,0,0,"{""ABSTAIN"": 0, ""BUILDING"": 40, ""GROUND"": 0, ""OTHER"": 0, ""STRUCTURE"": 0, ""VEGETATION"": 0, ""WATER"": 0}",naip2024,BUILDING_ROOF,AUTO_CANDIDATE,True
Q6-0034,GROUND,GROUND,GROUND,COMPARED,True,37,1.0,1.0,1.0,0,0,"{""ABSTAIN"": 0, ""BUILDING"": 0, ""GROUND"": 37, ""OTHER"": 0, ""STRUCTURE"": 0, ""VEGETATION"": 0, ""WATER"": 0}",naip2024,,REVIEW,
Q1-0039,BUILDING_ROOF,BUILDING,VEGETATION,COMPARED,False,68,0.5441176470588235,0.936274528503418,0.8088235294117647,0,0,"{""ABSTAIN"": 0, ""BUILDING"": 30, ""GROUND"": 1, ""OTHER"": 0, ""STRUCTURE"": 0, ""VEGETATION"": 37, ""WATER"": 0}",naip2024,,REVIEW,
Q6-0039,BUILDING_ROOF,BUILDING,BUILDING,COMPARED,True,120,1.0,1.0,1.0,0,0,"{""ABSTAIN"": 0, ""BUILDING"": 120, ""GROUND"": 0, ""OTHER"": 0, ""STRUCTURE"": 0, ""VEGETATION"": 0, ""WATER"": 0}",naip2024,BUILDING_ROOF,AUTO_CANDIDATE,True
Q6-0042,SHRUB_LOW_VEG,VEGETATION,GROUND,COMPARED,False,31,1.0,1.0,1.0,0,0,"{""ABSTAIN"": 0, ""BUILDING"": 0, ""GROUND"": 31, ""OTHER"": 0, ""STRUCTURE"": 0, ""VEGETATION"": 0, ""WATER"": 0}",naip2024,,REVIEW,
Q6-0046,BUILDING_ROOF,BUILDING,BUILDING,COMPARED,True,32,1.0,1.0,1.0,0,0,"{""ABSTAIN"": 0, ""BUILDING"": 32, ""GROUND"": 0, ""OTHER"": 0, ""STRUCTURE"": 0, ""VEGETATION"": 0, ""WATER"": 0}",naip2024,BUILDING_ROOF,AUTO_CANDIDATE,True
Q6-0047,GROUND,GROUND,GROUND,COMPARED,True,38,1.0,1.0,1.0,0,0,"{""ABSTAIN"": 0, ""BUILDING"": 0, ""GROUND"": 38, ""OTHER"": 0, ""STRUCTURE"": 0, ""VEGETATION"": 0, ""WATER"": 0}",naip2024,,REVIEW,
Q1-0052,UNSURE,,BUILDING,LABEL_NOT_COMPARABLE,,116,1.0,0.9511494040489197,0.853448275862069,0,0,"{""ABSTAIN"": 0, ""BUILDING"": 116, ""GROUND"": 0, ""OTHER"": 0, ""STRUCTURE"": 0, ""VEGETATION"": 0, ""WATER"": 0}",naip2024,BUILDING_ROOF,AUTO_CANDIDATE,False
Q4-0058,TREE,VEGETATION,VEGETATION,COMPARED,True,283,1.0,1.0,1.0,0,0,"{""ABSTAIN"": 0, ""BUILDING"": 0, ""GROUND"": 0, ""OTHER"": 0, ""STRUCTURE"": 0, ""VEGETATION"": 283, ""WATER"": 0}",naip2024,TREE,AUTO_CANDIDATE,True
Q2-0060,OTHER_STRUCTURE,,GROUND,LABEL_NOT_COMPARABLE,,75,1.0,1.0,1.0,0,0,"{""ABSTAIN"": 0, ""BUILDING"": 0, ""GROUND"": 75, ""OTHER"": 0, ""STRUCTURE"": 0, ""VEGETATION"": 0, ""WATER"": 0}",naip2024,,REVIEW,
Q2-0066,BUILDING_ROOF,BUILDING,BUILDING,COMPARED,True,118,1.0,1.0,1.0,0,0,"{""ABSTAIN"": 0, ""BUILDING"": 118, ""GROUND"": 0, ""OTHER"": 0, ""STRUCTURE"": 0, ""VEGETATION"": 0, ""WATER"": 0}",naip2024,BUILDING_ROOF,AUTO_CANDIDATE,True
Q6-0068,SHRUB_LOW_VEG,VEGETATION,GROUND,COMPARED,False,151,1.0,1.0,1.0,0,0,"{""ABSTAIN"": 0, ""BUILDING"": 0, ""GROUND"": 151, ""OTHER"": 0, ""STRUCTURE"": 0, ""VEGETATION"": 0, ""WATER"": 0}",naip2024,,REVIEW,
Q6-0072,GROUND,GROUND,STRUCTURE,COMPARED,False,85,0.9882352941176471,0.9372548460960388,0.8117647058823529,0,0,"{""ABSTAIN"": 0, ""BUILDING"": 0, ""GROUND"": 1, ""OTHER"": 0, ""STRUCTURE"": 84, ""VEGETATION"": 0, ""WATER"": 0}",naip2024,,REVIEW,
Q4-0085,MIXED,,VEGETATION,LABEL_NOT_COMPARABLE,,542,1.0,1.0,1.0,0,0,"{""ABSTAIN"": 0, ""BUILDING"": 0, ""GROUND"": 0, ""OTHER"": 0, ""STRUCTURE"": 0, ""VEGETATION"": 542, ""WATER"": 0}",naip2024,TREE,AUTO_CANDIDATE,False
Q4-0091,UNSURE,,VEGETATION,LABEL_NOT_COMPARABLE,,619,0.9870759289176091,0.9994614124298096,0.9983844911147012,0,0,"{""ABSTAIN"": 0, ""BUILDING"": 0, ""GROUND"": 8, ""OTHER"": 0, ""STRUCTURE"": 0, ""VEGETATION"": 611, ""WATER"": 0}",naip2024,TREE,AUTO_CANDIDATE,False
Q2-0103,BUILDING_ROOF,BUILDING,BUILDING,COMPARED,True,97,1.0,1.0,1.0,0,0,"{""ABSTAIN"": 0, ""BUILDING"": 97, ""GROUND"": 0, ""OTHER"": 0, ""STRUCTURE"": 0, ""VEGETATION"": 0, ""WATER"": 0}",naip2024,BUILDING_ROOF,AUTO_CANDIDATE,True
Q6-0104,GROUND,GROUND,GROUND,COMPARED,True,35,1.0,1.0,1.0,0,0,"{""ABSTAIN"": 0, ""BUILDING"": 0, ""GROUND"": 35, ""OTHER"": 0, ""STRUCTURE"": 0, ""VEGETATION"": 0, ""WATER"": 0}",naip2024,,REVIEW,
Q6-0108,GROUND,GROUND,GROUND,COMPARED,True,32,1.0,1.0,1.0,0,0,"{""ABSTAIN"": 0, ""BUILDING"": 0, ""GROUND"": 32, ""OTHER"": 0, ""STRUCTURE"": 0, ""VEGETATION"": 0, ""WATER"": 0}",naip2024,,REVIEW,
Q2-0109,BUILDING_ROOF,BUILDING,BUILDING,COMPARED,True,110,1.0,1.0,1.0,0,0,"{""ABSTAIN"": 0, ""BUILDING"": 110, ""GROUND"": 0, ""OTHER"": 0, ""STRUCTURE"": 0, ""VEGETATION"": 0, ""WATER"": 0}",naip2024,BUILDING_ROOF,AUTO_CANDIDATE,True
Q4-0113,TREE,VEGETATION,VEGETATION,COMPARED,True,1022,1.0,1.0,1.0,0,0,"{""ABSTAIN"": 0, ""BUILDING"": 0, ""GROUND"": 0, ""OTHER"": 0, ""STRUCTURE"": 0, ""VEGETATION"": 1022, ""WATER"": 0}",naip2024,TREE,AUTO_CANDIDATE,True
Q2-0115,OTHER_STRUCTURE,,BUILDING,LABEL_NOT_COMPARABLE,,35,1.0,1.0,1.0,0,0,"{""ABSTAIN"": 0, ""BUILDING"": 35, ""GROUND"": 0, ""OTHER"": 0, ""STRUCTURE"": 0, ""VEGETATION"": 0, ""WATER"": 0}",naip2024,BUILDING_ROOF,AUTO_CANDIDATE,False
Q6-0116,BUILDING_ROOF,BUILDING,BUILDING,COMPARED,True,32,1.0,1.0,1.0,0,0,"{""ABSTAIN"": 0, ""BUILDING"": 32, ""GROUND"": 0, ""OTHER"": 0, ""STRUCTURE"": 0, ""VEGETATION"": 0, ""WATER"": 0}",naip2024,BUILDING_ROOF,AUTO_CANDIDATE,True
Q6-0119,VEHICLE,,GROUND,LABEL_NOT_COMPARABLE,,89,1.0,1.0,1.0,0,0,"{""ABSTAIN"": 0, ""BUILDING"": 0, ""GROUND"": 89, ""OTHER"": 0, ""STRUCTURE"": 0, ""VEGETATION"": 0, ""WATER"": 0}",naip2024,,REVIEW,
Q6-0124,BUILDING_ROOF,BUILDING,BUILDING,COMPARED,True,41,1.0,1.0,1.0,0,0,"{""ABSTAIN"": 0, ""BUILDING"": 41, ""GROUND"": 0, ""OTHER"": 0, ""STRUCTURE"": 0, ""VEGETATION"": 0, ""WATER"": 0}",naip2024,BUILDING_ROOF,AUTO_CANDIDATE,True
Q6-0128,BUILDING_ROOF,BUILDING,BUILDING,COMPARED,True,45,1.0,1.0,1.0,0,0,"{""ABSTAIN"": 0, ""BUILDING"": 45, ""GROUND"": 0, ""OTHER"": 0, ""STRUCTURE"": 0, ""VEGETATION"": 0, ""WATER"": 0}",naip2024,BUILDING_ROOF,AUTO_CANDIDATE,True
Q2-0133,MIXED,,GROUND,LABEL_NOT_COMPARABLE,,26,1.0,1.0,1.0,0,0,"{""ABSTAIN"": 0, ""BUILDING"": 0, ""GROUND"": 26, ""OTHER"": 0, ""STRUCTURE"": 0, ""VEGETATION"": 0, ""WATER"": 0}",naip2024,,REVIEW,
Q6-0133,GROUND,GROUND,GROUND,COMPARED,True,39,1.0,1.0,1.0,0,0,"{""ABSTAIN"": 0, ""BUILDING"": 0, ""GROUND"": 39, ""OTHER"": 0, ""STRUCTURE"": 0, ""VEGETATION"": 0, ""WATER"": 0}",naip2024,,REVIEW,
Q4-0146,TREE,VEGETATION,VEGETATION,COMPARED,True,622,1.0,1.0,1.0,0,0,"{""ABSTAIN"": 0, ""BUILDING"": 0, ""GROUND"": 0, ""OTHER"": 0, ""STRUCTURE"": 0, ""VEGETATION"": 622, ""WATER"": 0}",naip2024,TREE,AUTO_CANDIDATE,True
Q6-0147,OTHER_STRUCTURE,,GROUND,LABEL_NOT_COMPARABLE,,35,1.0,1.0,1.0,0,0,"{""ABSTAIN"": 0, ""BUILDING"": 0, ""GROUND"": 35, ""OTHER"": 0, ""STRUCTURE"": 0, ""VEGETATION"": 0, ""WATER"": 0}",naip2024,,REVIEW,
Q6-0148,POLE,,GROUND,LABEL_NOT_COMPARABLE,,92,1.0,1.0,1.0,0,0,"{""ABSTAIN"": 0, ""BUILDING"": 0, ""GROUND"": 92, ""OTHER"": 0, ""STRUCTURE"": 0, ""VEGETATION"": 0, ""WATER"": 0}",naip2024,,REVIEW,
Q2-0152,BUILDING_ROOF,BUILDING,BUILDING,COMPARED,True,162,1.0,1.0,1.0,0,0,"{""ABSTAIN"": 0, ""BUILDING"": 162, ""GROUND"": 0, ""OTHER"": 0, ""STRUCTURE"": 0, ""VEGETATION"": 0, ""WATER"": 0}",naip2024,BUILDING_ROOF,AUTO_CANDIDATE,True
Q6-0153,GROUND,GROUND,GROUND,COMPARED,True,89,1.0,1.0,1.0,0,0,"{""ABSTAIN"": 0, ""BUILDING"": 0, ""GROUND"": 89, ""OTHER"": 0, ""STRUCTURE"": 0, ""VEGETATION"": 0, ""WATER"": 0}",naip2024,,REVIEW,
Q3-0161,TREE,VEGETATION,VEGETATION,COMPARED,True,39,1.0,1.0,1.0,0,0,"{""ABSTAIN"": 0, ""BUILDING"": 0, ""GROUND"": 0, ""OTHER"": 0, ""STRUCTURE"": 0, ""VEGETATION"": 39, ""WATER"": 0}",naip2024,TREE,AUTO_CANDIDATE,True
Q2-0163,BUILDING_ROOF,BUILDING,BUILDING,COMPARED,True,193,1.0,1.0,1.0,0,0,"{""ABSTAIN"": 0, ""BUILDING"": 193, ""GROUND"": 0, ""OTHER"": 0, ""STRUCTURE"": 0, ""VEGETATION"": 0, ""WATER"": 0}",naip2024,,REVIEW,
Q6-0171,GROUND,GROUND,GROUND,COMPARED,True,151,1.0,1.0,1.0,0,0,"{""ABSTAIN"": 0, ""BUILDING"": 0, ""GROUND"": 151, ""OTHER"": 0, ""STRUCTURE"": 0, ""VEGETATION"": 0, ""WATER"": 0}",naip2024,,REVIEW,
Q6-0173,GROUND,GROUND,GROUND,COMPARED,True,28,1.0,1.0,1.0,0,0,"{""ABSTAIN"": 0, ""BUILDING"": 0, ""GROUND"": 28, ""OTHER"": 0, ""STRUCTURE"": 0, ""VEGETATION"": 0, ""WATER"": 0}",naip2024,,REVIEW,
